region	method	true_causal	signals	true_signals	false_signals	causal_captured	mean_cs_size	median_cs_size_true
9:4746840	A alone	2	2	2	0	2	111.0	111.0
9:4746840	B alone	2	1	1	0	1	10.0	10.0
9:4746840	A+B joint	2	2	2	0	2	92.5	92.5
9:4746840	A with B's LD (borrowed)	2	0	0	0	0		
2:30813388	A alone	2	1	1	0	1	1.0	1.0
2:30813388	B alone	2	1	0	1	0	10.0	
2:30813388	A+B joint	2	2	2	0	2	50.0	50.0
2:30813388	A with B's LD (borrowed)	2	4	1	3	1	4.75	1.0
4:10655624	A alone	1	1	1	0	1	71.0	71.0
4:10655624	B alone	1	1	1	0	1	65.0	65.0
4:10655624	A+B joint	1	1	1	0	1	54.0	54.0
4:10655624	A with B's LD (borrowed)	1	4	0	4	0	1.0	
4:31853766	A alone	2	2	2	0	2	29.5	29.5
4:31853766	B alone	2	0	0	0	0		
4:31853766	A+B joint	2	2	2	0	2	28.0	28.0
4:31853766	A with B's LD (borrowed)	2	5	0	5	0	1.4	
7:8526900	A alone	1	1	1	0	1	271.0	271.0
7:8526900	B alone	1	0	0	0	0		
7:8526900	A+B joint	1	1	1	0	1	256.0	256.0
7:8526900	A with B's LD (borrowed)	1	5	0	5	0	1.0	
11:23063931	A alone	3	2	1	1	1	28.0	46.0
11:23063931	B alone	3	0	0	0	0		
11:23063931	A+B joint	3	2	1	1	1	26.0	44.0
11:23063931	A with B's LD (borrowed)	3	5	0	5	0	1.6	
2:18080802	A alone	1	1	1	0	1	110.0	110.0
2:18080802	B alone	1	1	1	0	1	55.0	55.0
2:18080802	A+B joint	1	1	1	0	1	37.0	37.0
2:18080802	A with B's LD (borrowed)	1	5	0	5	0	2.4	
9:10296797	A alone	1	1	1	0	1	197.0	197.0
9:10296797	B alone	1	0	0	0	0		
9:10296797	A+B joint	1	1	1	0	1	127.0	127.0
9:10296797	A with B's LD (borrowed)	1	5	0	5	0	1.0	
2:7811153	A alone	1	1	1	0	1	638.0	638.0
2:7811153	B alone	1	1	1	0	1	239.0	239.0
2:7811153	A+B joint	1	1	1	0	1	114.0	114.0
2:7811153	A with B's LD (borrowed)	1	5	0	5	0	1.4	
7:18354290	A alone	1	1	1	0	1	21.0	21.0
7:18354290	B alone	1	0	0	0	0		
7:18354290	A+B joint	1	1	1	0	1	20.0	20.0
7:18354290	A with B's LD (borrowed)	1	5	0	5	0	1.0	
1:23663669	A alone	3	1	1	0	1	77.0	77.0
1:23663669	B alone	3	1	1	0	2	86.0	86.0
1:23663669	A+B joint	3	1	1	0	1	27.0	27.0
1:23663669	A with B's LD (borrowed)	3	5	0	5	0	1.4	
8:13628560	A alone	2	1	1	0	1	7.0	7.0
8:13628560	B alone	2	2	2	0	2	54.5	54.5
8:13628560	A+B joint	2	2	2	0	2	22.0	22.0
8:13628560	A with B's LD (borrowed)	2	5	0	5	0	1.0	
5:18397173	A alone	1	1	1	0	1	17.0	17.0
5:18397173	B alone	1	1	1	0	1	67.0	67.0
5:18397173	A+B joint	1	1	1	0	1	1.0	1.0
5:18397173	A with B's LD (borrowed)	1	5	0	5	0	1.2	
8:21962466	A alone	1	1	1	0	1	107.0	107.0
8:21962466	B alone	1	1	1	0	1	134.0	134.0
8:21962466	A+B joint	1	1	1	0	1	84.0	84.0
8:21962466	A with B's LD (borrowed)	1	0	0	0	0		
8:20786474	A alone	3	1	1	0	1	30.0	30.0
8:20786474	B alone	3	0	0	0	0		
8:20786474	A+B joint	3	1	1	0	1	30.0	30.0
8:20786474	A with B's LD (borrowed)	3	5	0	5	0	1.0	
7:19501901	A alone	3	1	0	1	0	38.0	
7:19501901	B alone	3	1	1	0	1	25.0	25.0
7:19501901	A+B joint	3	2	1	1	1	35.5	25.0
7:19501901	A with B's LD (borrowed)	3	5	0	5	0	1.0	
1:10441530	A alone	1	1	0	1	0	104.0	
1:10441530	B alone	1	1	1	0	1	185.0	185.0
1:10441530	A+B joint	1	1	0	1	0	1.0	
1:10441530	A with B's LD (borrowed)	1	5	0	5	0	37.8	
8:10409042	A alone	2	1	1	0	2	118.0	118.0
8:10409042	B alone	2	1	0	1	0	104.0	
8:10409042	A+B joint	2	1	1	0	2	42.0	42.0
8:10409042	A with B's LD (borrowed)	2	5	0	5	0	1.0	
9:12743095	A alone	1	1	1	0	1	617.0	617.0
9:12743095	B alone	1	0	0	0	0		
9:12743095	A+B joint	1	1	1	0	1	481.0	481.0
9:12743095	A with B's LD (borrowed)	1	5	0	5	0	1.6	
3:26795404	A alone	2	2	2	0	2	90.5	90.5
3:26795404	B alone	2	0	0	0	0		
3:26795404	A+B joint	2	2	2	0	2	85.5	85.5
3:26795404	A with B's LD (borrowed)	2	5	0	5	0	1.0	
5:26905672	A alone	2	2	2	0	2	40.5	40.5
5:26905672	B alone	2	1	0	1	0	2.0	
5:26905672	A+B joint	2	3	2	1	2	27.333333333333332	40.0
5:26905672	A with B's LD (borrowed)	2	5	0	5	0	1.2	
8:4062883	A alone	1	1	1	0	1	9.0	9.0
8:4062883	B alone	1	1	1	0	1	33.0	33.0
8:4062883	A+B joint	1	1	1	0	1	3.0	3.0
8:4062883	A with B's LD (borrowed)	1	5	1	4	1	1.0	1.0
4:12534878	A alone	1	0	0	0	0		
4:12534878	B alone	1	1	1	0	1	238.0	238.0
4:12534878	A+B joint	1	0	0	0	0		
4:12534878	A with B's LD (borrowed)	1	5	0	5	0	1.2	
1:5634682	A alone	1	1	1	0	1	87.0	87.0
1:5634682	B alone	1	0	0	0	0		
1:5634682	A+B joint	1	1	1	0	1	62.0	62.0
1:5634682	A with B's LD (borrowed)	1	5	0	5	0	1.0	
4:13812823	A alone	1	0	0	0	0		
4:13812823	B alone	1	1	1	0	1	264.0	264.0
4:13812823	A+B joint	1	1	1	0	1	96.0	96.0
4:13812823	A with B's LD (borrowed)	1	2	0	2	0	1.5	
2:10888763	A alone	3	1	0	1	0	186.0	
2:10888763	B alone	3	0	0	0	0		
2:10888763	A+B joint	3	1	0	1	0	169.0	
2:10888763	A with B's LD (borrowed)	3	5	0	5	0	1.2	
9:13593956	A alone	2	2	2	0	2	182.5	182.5
9:13593956	B alone	2	2	2	0	2	245.0	245.0
9:13593956	A+B joint	2	2	2	0	2	129.5	129.5
9:13593956	A with B's LD (borrowed)	2	5	0	5	0	1.4	
11:15759671	A alone	1	1	1	0	1	150.0	150.0
11:15759671	B alone	1	1	1	0	1	47.0	47.0
11:15759671	A+B joint	1	1	1	0	1	34.0	34.0
11:15759671	A with B's LD (borrowed)	1	4	0	4	0	1.75	
4:12377746	A alone	1	1	1	0	1	24.0	24.0
4:12377746	B alone	1	1	1	0	1	53.0	53.0
4:12377746	A+B joint	1	1	1	0	1	18.0	18.0
4:12377746	A with B's LD (borrowed)	1	5	0	5	0	1.4	
1:35937709	A alone	2	2	2	0	2	97.0	97.0
1:35937709	B alone	2	0	0	0	0		
1:35937709	A+B joint	2	2	2	0	2	93.5	93.5
1:35937709	A with B's LD (borrowed)	2	5	0	5	0	1.2	
4:5721088	A alone	1	0	0	0	0		
4:5721088	B alone	1	0	0	0	0		
4:5721088	A+B joint	1	0	0	0	0		
4:5721088	A with B's LD (borrowed)	1	5	0	5	0	2.6	
4:17908989	A alone	2	1	1	0	1	111.0	111.0
4:17908989	B alone	2	2	2	0	2	280.0	280.0
4:17908989	A+B joint	2	1	1	0	1	59.0	59.0
4:17908989	A with B's LD (borrowed)	2	5	0	5	0	1.0	
4:8795658	A alone	1	1	1	0	1	41.0	41.0
4:8795658	B alone	1	0	0	0	0		
4:8795658	A+B joint	1	1	1	0	1	31.0	31.0
4:8795658	A with B's LD (borrowed)	1	1	1	0	1	41.0	41.0
3:14465240	A alone	1	1	1	0	1	90.0	90.0
3:14465240	B alone	1	1	1	0	1	64.0	64.0
3:14465240	A+B joint	1	1	1	0	1	39.0	39.0
3:14465240	A with B's LD (borrowed)	1	5	0	5	0	3.8	
10:10159496	A alone	3	1	1	0	1	69.0	69.0
10:10159496	B alone	3	1	1	0	1	33.0	33.0
10:10159496	A+B joint	3	1	1	0	1	28.0	28.0
10:10159496	A with B's LD (borrowed)	3	5	0	5	0	2.2	
4:11456660	A alone	3	2	2	0	2	67.5	67.5
4:11456660	B alone	3	1	0	1	0	80.0	
4:11456660	A+B joint	3	2	1	1	1	60.5	72.0
4:11456660	A with B's LD (borrowed)	3	4	0	4	0	1.0	
6:7598766	A alone	2	2	2	0	2	175.0	175.0
6:7598766	B alone	2	0	0	0	0		
6:7598766	A+B joint	2	2	2	0	2	139.0	139.0
6:7598766	A with B's LD (borrowed)	2	5	0	5	0	1.0	
8:17112728	A alone	3	1	0	1	0	22.0	
8:17112728	B alone	3	1	1	0	1	2.0	2.0
8:17112728	A+B joint	3	2	1	1	1	2.5	1.0
8:17112728	A with B's LD (borrowed)	3	5	0	5	0	1.0	
5:5850283	A alone	2	2	2	0	2	149.0	149.0
5:5850283	B alone	2	0	0	0	0		
5:5850283	A+B joint	2	2	2	0	2	109.5	109.5
5:5850283	A with B's LD (borrowed)	2	4	0	4	0	1.0	
3:13011581	A alone	1	1	1	0	1	245.0	245.0
3:13011581	B alone	1	0	0	0	0		
3:13011581	A+B joint	1	1	1	0	1	189.0	189.0
3:13011581	A with B's LD (borrowed)	1	2	1	1	1	56.0	111.0
