panel	trait	loci_clumping	signals_finemap	loci_assigned_to_a_signal	seconds
3K	culm_length	8	8	8	5.4
3K	panicle_length	1	1	1	1.2
3K	seedling_height	1	1	1	1.3
3K	leaf_angle	1	1	1	1.3
3K	flag_leaf_angle	3	3	3	2.1
3K	culm_angle	1	1	1	1.1
3K	panicle_exsertion	1	0	0	1.0
3K	secondary_branching	4	4	4	1.6
3K	panicle_threshability	2	2	2	1.1
3K	panicle_shattering	3	3	3	1.4
3K	lemma_pubescence	46	51	43	8.9
3K	blade_pubescence	263	257	144	50.4
3K	glutinous_endosperm	16	6	4	4.4
3K	seed_coat_colour	9	7	4	2.0
3K	apiculus_colour	11	8	4	2.5
3K	hull_colour	10	5	3	3.3
3K	leaf_sheath_colour	14	9	2	2.4
3K	auricle_colour	9	7	5	2.4
3K	collar_colour	9	6	4	3.2
3K	sterile_lemma_colour	3	4	2	1.3
RDP1	flowering_time_at_arkansas	2	2	2	0.4
RDP1	flowering_time_at_faridpur	1	1	1	0.5
RDP1	flowering_time_at_aberdeen	9	8	8	0.4
RDP1	ft_ratio_of_arkansas_aberdeen	5	5	5	0.4
RDP1	ft_ratio_of_faridpur_aberdeen	3	3	3	0.3
RDP1	leaf_pubescence	9	8	8	0.8
RDP1	flag_leaf_width	2	1	1	0.4
RDP1	awn_presence	1	1	1	0.4
RDP1	panicle_number_per_plant	1	1	1	0.3
RDP1	plant_height	2	2	2	0.3
RDP1	primary_panicle_branch_number	1	0	0	0.4
RDP1	seed_length	2	2	2	0.4
RDP1	seed_width	4	3	2	0.4
RDP1	seed_volume	3	2	2	0.3
RDP1	brown_rice_seed_length	3	4	3	0.4
RDP1	brown_rice_seed_width	2	1	1	0.3
RDP1	brown_rice_volume	2	2	2	0.3
RDP1	seed_length_width_ratio	6	4	4	0.5
RDP1	brown_rice_length_width_ratio	5	5	5	0.4
RDP1	pericarp_color	32	29	29	1.6
RDP1	straighthead_suseptability	1	1	1	0.3
RDP1	blast_resistance	3	2	2	0.4
RDP1	amylose_content	6	5	5	0.5
RDP1	alkali_spreading_value	5	4	4	0.4
