panel	trait	chrom	start	end	loci	snps	signals	cs_sizes	converged	ld_outliers
3K	culm_length	1	23103960	23603960	1	991	1	1	True	1
3K	culm_length	1	25840994	26340994	1	261	1	4	True	0
3K	culm_length	1	28905612	29405612	1	427	1	11	True	0
3K	culm_length	1	29840453	30340453	1	579	1	3	True	0
3K	culm_length	1	32220665	32720665	1	422	1	4	True	0
3K	culm_length	1	34254927	34754927	1	618	1	2	True	0
3K	culm_length	1	38749212	39249212	1	516	1	1	True	1
3K	culm_length	1	39928869	40428869	1	327	1	2	True	0
3K	panicle_length	3	5870622	6370622	1	436	1	4	True	0
3K	seedling_height	1	23998161	24498161	1	693	1	1	True	0
3K	leaf_angle	7	13072689	13572689	1	628	1	29	True	1
3K	flag_leaf_angle	8	3436550	3936550	1	404	1	8	True	0
3K	flag_leaf_angle	8	8855034	9355034	1	851	1	2	True	0
3K	flag_leaf_angle	8	20062843	20562843	1	718	1	6	True	0
3K	culm_angle	1	342188	842188	1	380	1	7	True	0
3K	panicle_exsertion	5	5250346	5750346	1	314	0		True	0
3K	secondary_branching	3	11908109	12408109	1	278	1	2	True	0
3K	secondary_branching	7	9170907	9670907	1	528	1	1	True	12
3K	secondary_branching	7	11372913	11872913	1	442	1	12	True	1
3K	secondary_branching	9	20584747	21084747	1	371	1	1	True	1
3K	panicle_threshability	1	12412768	12912768	1	550	1	11	True	0
3K	panicle_threshability	2	31794645	32294645	1	217	1	1	True	0
3K	panicle_shattering	1	14193061	14693061	1	741	1	2	True	0
3K	panicle_shattering	1	16358994	16858994	1	484	1	4	True	0
3K	panicle_shattering	1	20831228	21331228	1	334	1	5	True	0
3K	lemma_pubescence	1	39607518	40107518	1	442	1	8	True	1
3K	lemma_pubescence	11	2318747	2818747	1	467	1	9	True	0
3K	lemma_pubescence	3	14089	514089	1	212	1	1	True	0
3K	lemma_pubescence	3	2789122	3289122	1	234	2	3,1	True	1
3K	lemma_pubescence	3	5240320	5740320	1	395	1	1	True	0
3K	lemma_pubescence	3	21327555	21827555	1	550	1	27	True	0
3K	lemma_pubescence	3	27481358	27981358	1	557	1	2	True	0
3K	lemma_pubescence	3	28159585	28659585	1	437	1	2	True	0
3K	lemma_pubescence	3	29325207	29825207	1	445	1	3	True	0
3K	lemma_pubescence	3	30792296	31292296	1	253	1	3	True	0
3K	lemma_pubescence	6	7814397	8314397	1	434	1	1	True	0
3K	lemma_pubescence	6	10136706	10636706	1	694	1	6	True	0
3K	lemma_pubescence	6	12443791	12943791	1	480	1	5	True	1
3K	lemma_pubescence	6	13236004	13736004	1	537	1	13	True	0
3K	lemma_pubescence	6	15507606	16007606	1	705	1	5	True	0
3K	lemma_pubescence	6	19175911	19675911	1	650	1	2	True	0
3K	lemma_pubescence	6	19966395	20466395	1	414	1	3	True	0
3K	lemma_pubescence	6	21439575	21939575	1	618	2	1,2	True	0
3K	lemma_pubescence	6	24388016	24888016	1	488	1	4	True	0
3K	lemma_pubescence	6	26179179	26679179	1	348	1	5	True	0
3K	lemma_pubescence	6	26685791	27185791	1	552	1	1	True	0
3K	lemma_pubescence	6	27858012	28358012	1	526	1	1	True	0
3K	lemma_pubescence	6	29267205	29767205	1	379	1	2	True	0
3K	lemma_pubescence	7	8013631	8513631	1	757	1	2	True	8
3K	lemma_pubescence	7	9920540	10420540	1	440	1	19	True	3
3K	lemma_pubescence	7	11043023	11543023	1	434	2	15,6	True	1
3K	lemma_pubescence	8	139743	639743	1	629	0		True	0
3K	lemma_pubescence	8	2230747	2730747	1	323	1	2	True	0
3K	lemma_pubescence	8	3407536	3907536	1	443	1	22	True	1
3K	lemma_pubescence	8	4412531	4912531	1	359	2	5,21	True	1
3K	lemma_pubescence	8	6045289	6545289	1	662	1	1	True	0
3K	lemma_pubescence	8	7904754	8404754	1	680	2	3,3	True	0
3K	lemma_pubescence	8	11535243	12035243	1	581	1	3	True	0
3K	lemma_pubescence	8	15333747	15833747	1	734	1	2	True	0
3K	lemma_pubescence	8	19762294	20262294	1	749	1	4	True	0
3K	lemma_pubescence	8	22728581	23228581	1	248	1	2	True	0
3K	lemma_pubescence	8	24321470	24821470	1	395	2	5,1	True	0
3K	lemma_pubescence	8	26683189	27183189	1	1175	1	2	True	1
3K	lemma_pubescence	9	15285522	15785522	1	446	0		True	0
3K	lemma_pubescence	9	15961395	16461395	1	364	1	1	True	0
3K	lemma_pubescence	9	16657824	17157824	1	414	1	2	True	0
3K	lemma_pubescence	9	18172696	18672696	1	289	1	2	True	0
3K	lemma_pubescence	9	18716338	19216338	1	411	1	2	True	0
3K	lemma_pubescence	9	20710270	21210270	1	405	2	2,1	True	1
3K	lemma_pubescence	9	21378391	21878391	1	343	1	4	True	0
3K	lemma_pubescence	9	22646545	23146545	1	175	1	1	True	0
3K	blade_pubescence	1	3813651	4313651	1	378	2	1,2	True	0
3K	blade_pubescence	1	6047587	6817940	2	804	1	1	True	1
3K	blade_pubescence	1	9140095	9640095	1	363	1	1	True	0
3K	blade_pubescence	1	10093907	10756963	2	412	2	1,2	True	1
3K	blade_pubescence	1	11987691	12509735	2	419	2	1,2	True	1
3K	blade_pubescence	1	13543394	14043394	1	636	1	1	True	1
3K	blade_pubescence	1	17300595	17800595	1	570	1	1	True	2
3K	blade_pubescence	1	18155148	18655148	1	602	1	4	True	1
3K	blade_pubescence	1	23676110	24176110	1	882	2	1,4	True	1
3K	blade_pubescence	1	25503751	26003751	1	240	1	1	True	2
3K	blade_pubescence	1	26343023	26843023	1	362	0		True	0
3K	blade_pubescence	1	27305345	27805345	1	287	3	1,1,1	True	3
3K	blade_pubescence	1	28393579	28893579	1	562	2	1,3	True	2
3K	blade_pubescence	1	30500529	31152231	2	749	1	11	True	0
3K	blade_pubescence	10	592144	1092144	1	532	1	1	True	0
3K	blade_pubescence	10	7126960	7626960	1	849	0		True	1
3K	blade_pubescence	10	9032115	9532115	1	937	2	1,1	True	0
3K	blade_pubescence	10	10020331	10520331	1	571	1	1	True	1
3K	blade_pubescence	10	11811257	12311257	1	526	0		True	0
3K	blade_pubescence	10	14713921	15213921	1	287	1	1	True	1
3K	blade_pubescence	10	17713200	18213200	1	474	1	1	True	1
3K	blade_pubescence	10	19448394	19948394	1	362	1	1	True	1
3K	blade_pubescence	10	22537184	23037184	1	415	1	2	True	0
3K	blade_pubescence	11	1	381817	1	153	2	1,1	True	1
3K	blade_pubescence	11	594116	1094116	1	306	1	1	True	4
3K	blade_pubescence	11	2146261	2646261	1	460	0		True	1
3K	blade_pubescence	11	3826270	4553518	2	471	2	1,2	True	0
3K	blade_pubescence	11	6245073	7229034	2	1150	1	1	True	0
3K	blade_pubescence	11	8841745	9732009	2	1180	2	3,1	True	3
3K	blade_pubescence	11	10191746	11016389	2	1532	1	1	True	2
3K	blade_pubescence	11	11720371	12220737	2	411	2	1,1	True	1
3K	blade_pubescence	11	12831384	13375655	2	745	2	1,1	True	1
3K	blade_pubescence	11	14038648	14538648	1	458	0		True	1
3K	blade_pubescence	11	15001295	15683354	2	1074	1	1	True	0
3K	blade_pubescence	11	17694523	18388301	2	1171	1	1	True	3
3K	blade_pubescence	11	18845362	19345362	1	891	1	1	True	1
3K	blade_pubescence	11	24061943	24978937	2	1676	1	1	True	0
3K	blade_pubescence	11	27190528	27910356	2	1139	1	1	True	0
3K	blade_pubescence	12	9318314	9818314	1	492	0		True	1
3K	blade_pubescence	12	10696288	11196288	1	495	1	5	True	0
3K	blade_pubescence	12	12581349	13205175	2	760	1	5	True	0
3K	blade_pubescence	12	13955337	14455337	1	584	1	1	True	0
3K	blade_pubescence	12	14970340	15470340	1	724	1	1	True	0
3K	blade_pubescence	12	17709435	18209435	1	1021	1	2	True	1
3K	blade_pubescence	12	23589740	24089740	1	565	1	1	True	1
3K	blade_pubescence	12	24313529	24813529	1	356	1	2	True	1
3K	blade_pubescence	2	1	363218	1	188	3	1,1,2	True	2
3K	blade_pubescence	2	668560	1168560	1	470	0		True	1
3K	blade_pubescence	2	1358866	1858866	1	286	2	1,2	True	1
3K	blade_pubescence	2	2800110	3300110	1	476	1	6	True	0
3K	blade_pubescence	2	3531106	4031106	1	237	2	1,1	True	1
3K	blade_pubescence	2	4328235	5351793	4	646	3	1,1,1	True	1
3K	blade_pubescence	2	5550449	6404511	4	664	3	2,3,1	True	0
3K	blade_pubescence	2	6734995	8653303	8	1289	3	1,1,1	True	2
3K	blade_pubescence	2	8703247	9203247	1	327	3	1,1,1	True	1
3K	blade_pubescence	2	9328053	9828053	1	217	2	1,1	True	2
3K	blade_pubescence	2	11182910	11682910	1	340	1	1	True	4
3K	blade_pubescence	2	13276962	13776962	1	229	1	1	True	1
3K	blade_pubescence	2	14694936	15194936	1	366	2	1,2	True	3
3K	blade_pubescence	2	16053726	16553726	1	416	2	2,1	True	3
3K	blade_pubescence	2	16790746	17490553	2	570	2	1,1	True	3
3K	blade_pubescence	2	17594962	18094962	1	313	2	1,1	True	0
3K	blade_pubescence	2	18203253	18703253	1	432	1	1	True	0
3K	blade_pubescence	2	18717794	19639411	3	659	3	1,1,1	True	3
3K	blade_pubescence	2	19766412	20266412	1	491	2	1,1	True	3
3K	blade_pubescence	2	20295259	21173739	3	766	3	1,1,2	True	1
3K	blade_pubescence	2	21331734	21831734	1	246	2	1,1	True	1
3K	blade_pubescence	2	21927842	22671241	2	571	2	2,1	True	1
3K	blade_pubescence	2	22885671	23426753	2	402	2	3,1	True	1
3K	blade_pubescence	2	23471204	24332745	2	1819	4	1,1,3,1	True	1
3K	blade_pubescence	2	24332772	24832772	1	1763	2	2,1	True	0
3K	blade_pubescence	2	25025198	27007027	8	1964	4	1,1,2,6	True	0
3K	blade_pubescence	2	26818915	27318915	1	249	1	1	True	1
3K	blade_pubescence	2	28084696	28584696	1	292	2	1,1	True	1
3K	blade_pubescence	2	28597736	29120167	2	385	2	3,1	True	0
3K	blade_pubescence	2	29177410	29677410	1	475	2	1,1	True	0
3K	blade_pubescence	2	29810143	30310143	1	450	1	1	True	2
3K	blade_pubescence	2	30370217	30870217	1	326	1	1	True	0
3K	blade_pubescence	2	31212108	32190975	3	479	2	2,1	True	3
3K	blade_pubescence	2	32207258	32838222	2	378	2	1,3	True	0
3K	blade_pubescence	2	32911055	33434410	2	354	3	1,1,2	True	4
3K	blade_pubescence	2	33827881	34327881	1	386	1	1	True	0
3K	blade_pubescence	2	34447275	35351710	2	988	2	1,1	True	3
3K	blade_pubescence	2	35605797	36105797	1	160	1	1	True	2
3K	blade_pubescence	3	2735723	3235723	1	244	1	3	True	0
3K	blade_pubescence	3	4680502	5180502	1	553	1	1	True	0
3K	blade_pubescence	3	6404983	6904983	1	296	2	1,2	True	1
3K	blade_pubescence	3	7317705	7817705	1	532	2	2,1	True	1
3K	blade_pubescence	3	9586994	10086994	1	375	1	1	True	0
3K	blade_pubescence	3	10523775	11023775	1	293	2	1,1	True	3
3K	blade_pubescence	3	13633720	14133720	1	340	1	1	True	1
3K	blade_pubescence	3	14210164	14710164	1	344	1	1	True	1
3K	blade_pubescence	3	20472264	20972264	1	529	1	1	True	1
3K	blade_pubescence	3	22216826	23653513	4	1436	2	1,3	True	1
3K	blade_pubescence	3	24504684	25004684	1	369	1	4	True	1
3K	blade_pubescence	3	25290975	25790975	1	433	1	1	True	2
3K	blade_pubescence	3	25799594	26299594	1	353	1	1	True	2
3K	blade_pubescence	3	26348597	26848597	1	338	1	2	True	1
3K	blade_pubescence	3	29228367	29728367	1	443	1	1	True	3
3K	blade_pubescence	3	31341831	31841831	1	312	1	1	True	1
3K	blade_pubescence	3	35358111	35858111	1	513	0		True	2
3K	blade_pubescence	4	1	257683	1	582	0		True	1
3K	blade_pubescence	4	442466	942466	1	980	1	5	True	1
3K	blade_pubescence	4	6255991	6755991	1	746	1	1	True	1
3K	blade_pubescence	4	20107411	20607411	1	609	2	1,1	True	2
3K	blade_pubescence	4	23312732	23812732	1	294	1	1	True	3
3K	blade_pubescence	5	1	1670891	12	1800	4	1,2,1,3	True	0
3K	blade_pubescence	5	1506092	2006092	1	364	4	1,2,1,2	True	1
3K	blade_pubescence	5	2214911	3451539	4	883	3	1,2,1	True	2
3K	blade_pubescence	5	3595950	4900633	4	676	2	1,1	True	0
3K	blade_pubescence	5	5006714	6508323	6	885	4	1,1,4,2	True	3
3K	blade_pubescence	5	6956488	7884863	3	849	3	1,2,1	True	1
3K	blade_pubescence	5	8834127	9334127	1	602	3	1,1,3	True	2
3K	blade_pubescence	5	9407125	9907125	1	361	2	1,1	True	3
3K	blade_pubescence	5	10160805	10660805	1	352	2	2,2	True	0
3K	blade_pubescence	5	12061241	12561241	1	392	4	1,1,1,6	True	2
3K	blade_pubescence	5	13901947	14401947	1	564	2	1,1	True	2
3K	blade_pubescence	5	14891723	15391723	1	345	3	1,12,2	True	1
3K	blade_pubescence	5	15684773	16981819	4	1053	4	1,1,2,3	True	1
3K	blade_pubescence	5	17163303	17663303	1	275	1	2	True	3
3K	blade_pubescence	5	17717780	19018102	4	786	3	1,2,2	True	1
3K	blade_pubescence	5	19251781	20434825	5	710	3	1,2,5	True	1
3K	blade_pubescence	5	20447808	20947808	1	274	3	1,1,1	True	1
3K	blade_pubescence	5	20972982	21974895	3	490	3	2,1,1	True	3
3K	blade_pubescence	5	22181362	22681362	1	345	3	1,2,2	True	1
3K	blade_pubescence	5	23115666	23734152	2	394	3	1,1,1	True	3
3K	blade_pubescence	5	23756699	24807268	3	505	3	2,1,3	True	1
3K	blade_pubescence	5	25265353	25937603	3	280	1	1	True	1
3K	blade_pubescence	5	26005415	26505415	1	223	1	1	True	0
3K	blade_pubescence	5	26768441	27555724	3	482	1	1	True	0
3K	blade_pubescence	5	27641246	29352046	7	1067	4	2,3,1,1	True	2
3K	blade_pubescence	5	29194674	29833800	2	450	3	2,2,5	True	1
3K	blade_pubescence	6	1643919	2143919	1	360	0		True	1
3K	blade_pubescence	6	2677817	3177817	1	298	1	2	True	1
3K	blade_pubescence	6	6040711	6540711	1	609	1	2	True	2
3K	blade_pubescence	6	16966517	17466517	1	584	2	2,2	True	1
3K	blade_pubescence	6	20248677	20748677	1	605	1	1	True	2
3K	blade_pubescence	6	23938083	24438083	1	298	1	1	True	1
3K	blade_pubescence	6	27309442	27809442	1	552	1	1	True	0
3K	blade_pubescence	7	5968302	6468302	1	220	1	3	True	0
3K	blade_pubescence	7	16849431	17349431	1	442	1	2	True	0
3K	blade_pubescence	8	1472410	2460909	2	1008	1	1	True	1
3K	blade_pubescence	8	4287994	4787994	1	432	0		True	0
3K	blade_pubescence	8	7689080	8301617	2	922	1	3	True	0
3K	blade_pubescence	8	8851452	9351452	1	838	2	1,2	True	1
3K	blade_pubescence	8	10598020	11098020	1	1052	1	1	True	0
3K	blade_pubescence	8	13451757	14251637	2	974	3	2,1,2	True	1
3K	blade_pubescence	8	21199465	22337951	3	824	4	2,2,1,1	True	1
3K	blade_pubescence	8	23129997	23629997	1	234	2	2,1	True	1
3K	blade_pubescence	8	24101687	24601687	1	342	1	1	True	1
3K	blade_pubescence	8	24756197	25256197	1	504	2	1,1	True	4
3K	blade_pubescence	8	26247442	26747442	1	500	1	1	True	2
3K	blade_pubescence	8	27212120	27811952	2	771	2	2,1	True	1
3K	blade_pubescence	9	2700166	3200166	1	395	1	1	True	0
3K	blade_pubescence	9	5980865	6480865	1	669	0		True	0
3K	glutinous_endosperm	6	619297	2431132	7	1908	2	1,1	True	130
3K	glutinous_endosperm	6	4461884	4965899	2	417	1	3	True	3
3K	glutinous_endosperm	6	5762752	6263024	2	675	0		True	2
3K	glutinous_endosperm	6	6502888	7381087	3	1272	1	1	True	14
3K	glutinous_endosperm	6	15872954	16372954	1	580	1	2	True	12
3K	glutinous_endosperm	6	17221092	17721092	1	709	1	13	True	16
3K	seed_coat_colour	7	5671393	7011880	7	720	6	1,2,1,1,2,3	True	1
3K	seed_coat_colour	7	14541805	15041805	1	610	1	13	True	0
3K	seed_coat_colour	7	19638744	20138744	1	607	0		True	1
3K	apiculus_colour	6	4474044	5850138	9	1144	4	1,1,1,3	True	4
3K	apiculus_colour	6	5898476	6398476	1	632	3	1,1,9	True	1
3K	apiculus_colour	6	7219390	7719390	1	503	1	2	True	0
3K	hull_colour	9	5838414	7557864	10	2500	5	1,1,4,2,3	True	0
3K	leaf_sheath_colour	6	3012408	3512408	1	476	1	18	True	1
3K	leaf_sheath_colour	6	4427259	5630833	10	877	3	1,1,2	True	12
3K	leaf_sheath_colour	6	5898476	6398476	1	632	3	1,1,1	True	1
3K	leaf_sheath_colour	6	6860025	7360025	1	636	1	1	True	1
3K	leaf_sheath_colour	6	7449285	7949285	1	528	1	2	True	1
3K	auricle_colour	1	21968988	22468988	1	723	1	2	True	0
3K	auricle_colour	6	3073630	3573630	1	470	1	5	True	3
3K	auricle_colour	6	4602735	5683796	5	870	3	1,2,1	True	12
3K	auricle_colour	6	6519102	7019102	1	909	1	1	True	0
3K	auricle_colour	6	7449285	7949285	1	528	1	2	True	0
3K	collar_colour	1	21960641	22460641	1	706	1	2	True	0
3K	collar_colour	6	3015118	3515118	1	479	0		True	2
3K	collar_colour	6	4602735	5630833	5	809	3	1,2,1	True	12
3K	collar_colour	6	6519102	7019102	1	909	1	1	True	0
3K	collar_colour	6	7449285	7949285	1	528	1	2	True	0
3K	sterile_lemma_colour	4	27622368	28191460	2	384	3	1,4,4	True	3
3K	sterile_lemma_colour	6	5010922	5510922	1	312	1	1	True	2
RDP1	flowering_time_at_arkansas	3	3516414	4016414	1	63	1	7	True	5
RDP1	flowering_time_at_arkansas	6	9401785	9901785	1	28	1	3	True	0
RDP1	flowering_time_at_faridpur	12	5249254	5749254	1	24	1	4	True	4
RDP1	flowering_time_at_aberdeen	1	23087182	23587182	1	61	1	6	True	0
RDP1	flowering_time_at_aberdeen	1	40113837	40613837	1	68	1	1	True	1
RDP1	flowering_time_at_aberdeen	10	4472440	4972440	1	53	1	2	True	0
RDP1	flowering_time_at_aberdeen	2	17101410	17980153	2	98	1	1	True	3
RDP1	flowering_time_at_aberdeen	6	7843540	8343540	1	78	1	4	True	0
RDP1	flowering_time_at_aberdeen	6	9281374	9781374	1	34	1	6	True	0
RDP1	flowering_time_at_aberdeen	6	10826980	11326980	1	61	1	1	True	3
RDP1	flowering_time_at_aberdeen	6	16166489	16666489	1	65	1	2	True	0
RDP1	ft_ratio_of_arkansas_aberdeen	6	7843540	8343540	1	78	1	5	True	1
RDP1	ft_ratio_of_arkansas_aberdeen	6	16166868	16666868	1	65	1	2	True	1
RDP1	ft_ratio_of_arkansas_aberdeen	7	22985171	23485171	1	69	1	4	True	5
RDP1	ft_ratio_of_arkansas_aberdeen	8	22628577	23128577	1	33	1	1	True	1
RDP1	ft_ratio_of_arkansas_aberdeen	8	23950996	24450996	1	17	1	3	True	1
RDP1	ft_ratio_of_faridpur_aberdeen	6	8621246	9121246	1	46	1	1	True	0
RDP1	ft_ratio_of_faridpur_aberdeen	6	9401785	9901785	1	28	1	1	True	0
RDP1	ft_ratio_of_faridpur_aberdeen	7	22985171	23485171	1	69	1	5	True	12
RDP1	leaf_pubescence	11	24392577	24892577	1	57	1	5	True	0
RDP1	leaf_pubescence	12	21207194	21707194	1	62	1	1	True	1
RDP1	leaf_pubescence	12	26838361	27338361	1	43	1	1	True	1
RDP1	leaf_pubescence	2	24035229	24535229	1	88	1	1	True	4
RDP1	leaf_pubescence	2	26023791	26523791	1	74	1	1	True	3
RDP1	leaf_pubescence	5	590527	1415792	2	144	1	1	True	4
RDP1	leaf_pubescence	9	10647039	11147039	1	45	1	1	True	1
RDP1	leaf_pubescence	9	18439517	18939517	1	55	1	1	True	1
RDP1	flag_leaf_width	1	3229541	3729541	1	78	0		True	2
RDP1	flag_leaf_width	4	30632903	31132903	1	49	1	1	True	3
RDP1	awn_presence	4	22210255	22710255	1	43	1	6	True	0
RDP1	panicle_number_per_plant	4	32496773	32996773	1	41	1	1	True	1
RDP1	plant_height	1	32818446	33318446	1	102	1	1	True	8
RDP1	plant_height	1	37861539	38361539	1	74	1	1	True	1
RDP1	primary_panicle_branch_number	9	21595833	22095833	1	27	0		True	0
RDP1	seed_length	3	15824273	16324273	1	70	1	1	True	7
RDP1	seed_length	3	16456777	16956777	1	53	1	3	True	5
RDP1	seed_width	2	21437868	21937868	1	29	1	1	True	2
RDP1	seed_width	5	5090574	5646733	2	37	1	2	True	0
RDP1	seed_width	7	24594032	25094032	1	54	1	1	True	3
RDP1	seed_volume	2	21437868	21937868	1	29	1	1	True	1
RDP1	seed_volume	2	29350717	29850717	1	68	0		True	30
RDP1	seed_volume	5	5091363	5591363	1	34	1	1	True	1
RDP1	brown_rice_seed_length	3	15824273	16324273	1	70	2	1,1	True	5
RDP1	brown_rice_seed_length	3	16456777	16956777	1	53	1	4	True	7
RDP1	brown_rice_seed_length	5	5287790	5787790	1	33	1	4	True	1
RDP1	brown_rice_seed_width	5	5090574	5675317	2	37	1	4	True	0
RDP1	brown_rice_volume	2	29361498	29861498	1	73	1	1	True	4
RDP1	brown_rice_volume	5	5146733	5646733	1	37	1	6	True	0
RDP1	seed_length_width_ratio	12	21442999	21942999	1	66	1	1	True	6
RDP1	seed_length_width_ratio	3	15824273	16324273	1	70	0		True	9
RDP1	seed_length_width_ratio	3	20960532	21460532	1	49	0		True	6
RDP1	seed_length_width_ratio	5	5175317	5675317	1	37	1	4	True	0
RDP1	seed_length_width_ratio	7	21806571	22306571	1	52	1	2	True	1
RDP1	seed_length_width_ratio	7	24594032	25094032	1	54	1	1	True	2
RDP1	brown_rice_length_width_ratio	12	21442999	21942999	1	66	1	1	True	7
RDP1	brown_rice_length_width_ratio	3	15572669	16072669	1	55	1	1	True	3
RDP1	brown_rice_length_width_ratio	3	21203805	21703805	1	53	1	1	True	2
RDP1	brown_rice_length_width_ratio	5	5175317	5675317	1	37	1	4	True	0
RDP1	brown_rice_length_width_ratio	7	24594032	25094032	1	54	1	1	True	1
RDP1	pericarp_color	1	33767176	34267176	1	64	1	1	True	11
RDP1	pericarp_color	10	5868562	6368562	1	47	1	1	True	2
RDP1	pericarp_color	10	17711915	18211915	1	50	1	1	True	1
RDP1	pericarp_color	11	6813073	7313073	1	31	1	1	True	1
RDP1	pericarp_color	11	10314244	10814244	1	33	1	1	True	1
RDP1	pericarp_color	12	4308364	4808364	1	44	1	1	True	1
RDP1	pericarp_color	2	17816837	18316837	1	36	1	1	True	1
RDP1	pericarp_color	2	20101790	20601790	1	39	1	1	True	0
RDP1	pericarp_color	3	7542745	8042745	1	54	1	1	True	2
RDP1	pericarp_color	3	15791457	16324877	2	72	1	1	True	6
RDP1	pericarp_color	3	27454870	27954870	1	620	1	1	True	76
RDP1	pericarp_color	4	842938	1342938	1	58	1	1	True	0
RDP1	pericarp_color	4	4067452	4567452	1	69	1	1	True	2
RDP1	pericarp_color	4	30909186	31409186	1	83	1	1	True	4
RDP1	pericarp_color	5	757849	1257849	1	99	1	1	True	11
RDP1	pericarp_color	5	3006814	3506814	1	58	2	2,1	True	4
RDP1	pericarp_color	5	5090574	5590574	1	34	1	1	True	0
RDP1	pericarp_color	5	23561327	24224319	2	85	1	6	True	2
RDP1	pericarp_color	5	24792012	25292012	1	47	1	1	True	0
RDP1	pericarp_color	5	25529705	26029705	1	42	0		True	4
RDP1	pericarp_color	6	1996745	2496745	1	52	1	1	True	10
RDP1	pericarp_color	6	3399715	3899715	1	46	1	1	True	2
RDP1	pericarp_color	6	3918458	4418458	1	52	1	5	True	3
RDP1	pericarp_color	6	26467868	26967868	1	72	1	1	True	16
RDP1	pericarp_color	7	5686545	6316856	2	48	1	2	True	1
RDP1	pericarp_color	7	7223184	7723184	1	21	1	4	True	1
RDP1	pericarp_color	7	18442392	18942392	1	45	1	1	True	0
RDP1	pericarp_color	8	3795340	4295340	1	38	1	1	True	2
RDP1	pericarp_color	9	11453535	11953535	1	35	1	1	True	2
RDP1	straighthead_suseptability	1	32842618	33342618	1	100	1	1	True	2
RDP1	blast_resistance	12	10614326	11114326	1	45	0		True	1
RDP1	blast_resistance	4	31125141	31625141	1	83	1	1	True	0
RDP1	blast_resistance	6	4386191	4886191	1	58	1	1	True	0
RDP1	amylose_content	10	15144167	15644167	1	26	0		True	2
RDP1	amylose_content	12	16812336	17312336	1	28	1	1	True	4
RDP1	amylose_content	2	23473745	23973745	1	88	1	1	True	3
RDP1	amylose_content	2	24561749	25061749	1	117	1	2	True	3
RDP1	amylose_content	6	1514762	2014762	1	78	1	1	True	1
RDP1	amylose_content	6	3339970	3839970	1	53	1	4	True	0
RDP1	alkali_spreading_value	3	28595810	29095810	1	32	1	1	True	1
RDP1	alkali_spreading_value	6	6768949	7268949	1	60	1	1	True	0
RDP1	alkali_spreading_value	6	7419860	7919860	1	50	1	3	True	7
RDP1	alkali_spreading_value	8	4481022	5285299	2	60	1	1	True	1
