panel	trait	lambda	max_log10p	n_bonferroni
3K	culm_length	1.211	17.2	145
3K	culm_diameter	0.898	5.1	0
3K	culm_number	1.01	6.2	0
3K	leaf_length	0.961	4.7	0
3K	panicle_length	0.782	8.5	6
3K	seedling_height	1.059	8.9	4
3K	sterile_lemma_length	1.137	6.6	0
3K	leaf_angle	0.865	7.3	5
3K	flag_leaf_angle	1.215	9.3	23
3K	culm_angle	1.134	10.1	8
3K	panicle_exsertion	1.108	9.3	8
3K	secondary_branching	0.681	9.4	83
3K	leaf_senescence	0.997	6.8	0
3K	spikelet_fertility	1.189	6.7	0
3K	panicle_threshability	1.201	11.0	12
3K	panicle_shattering	0.817	7.5	11
3K	panicle_type	1.231	6.1	0
3K	lemma_pubescence	0.799	13.1	538
3K	blade_pubescence	0.615	70.9	2637
3K	awn	1.085	5.5	0
3K	glutinous_endosperm	1.324	35.8	328
3K	seed_coat_colour	0.919	71.0	139
3K	apiculus_colour	1.002	93.0	132
3K	hull_colour	0.938	24.1	135
3K	leaf_sheath_colour	0.994	73.6	145
3K	internode_colour	0.971	6.9	1
3K	auricle_colour	1.025	57.2	110
3K	collar_colour	1.053	56.2	109
3K	sterile_lemma_colour	1.174	21.7	72
RDP1	flowering_time_at_arkansas	0.468	2.6	0
RDP1	flowering_time_at_faridpur	0.383	3.9	0
RDP1	flowering_time_at_aberdeen	0.639	8.1	8
RDP1	ft_ratio_of_arkansas_aberdeen	0.398	4.5	0
RDP1	ft_ratio_of_faridpur_aberdeen	0.413	4.5	0
RDP1	culm_habit	1.004	7.9	10
RDP1	leaf_pubescence	1.268	4.2	0
RDP1	flag_leaf_length	0.659	4.7	0
RDP1	flag_leaf_width	0.501	4.0	0
RDP1	awn_presence	0.925	3.8	0
RDP1	panicle_number_per_plant	0.37	2.8	0
RDP1	plant_height	0.746	6.4	2
RDP1	panicle_length	0.491	3.3	0
RDP1	primary_panicle_branch_number	0.522	3.2	0
RDP1	seed_number_per_panicle	0.411	2.2	0
RDP1	florets_per_panicle	0.475	2.9	0
RDP1	panicle_fertility	0.571	3.8	0
RDP1	seed_length	0.575	3.5	0
RDP1	seed_width	0.492	5.3	0
RDP1	seed_volume	0.496	3.0	0
RDP1	seed_surface_area	0.571	4.9	0
RDP1	brown_rice_seed_length	0.591	3.6	0
RDP1	brown_rice_seed_width	0.514	5.2	0
RDP1	brown_rice_surface_area	0.485	3.7	0
RDP1	brown_rice_volume	0.718	5.5	0
RDP1	seed_length_width_ratio	0.704	7.3	5
RDP1	brown_rice_length_width_ratio	0.705	7.4	6
RDP1	pericarp_color	0.953	7.5	3
RDP1	straighthead_suseptability	0.524	6.5	9
RDP1	blast_resistance	0.963	7.5	2
RDP1	amylose_content	0.687	15.8	15
RDP1	alkali_spreading_value	0.807	9.5	21
RDP1	protein_content	0.63	3.5	0
RDP1	year07flowering_time_at_arkansas	0.49	3.6	0
RDP1	year06flowering_time_at_arkansas	0.536	4.7	0
