gene	gene_id	trait	chrom	gene_start	gene_end	min_p	lead_pos	lead_in_gene	lead_kb_from_gene	raw_max_pip_in_gene	raw_signals	raw_cs_in_gene	raw_ld_outliers	pc_adjusted_max_pip_in_gene	pc_adjusted_signals	pc_adjusted_cs_in_gene	pc_adjusted_ld_outliers
GS3	Os03g0407400	Grain_length	3	16729501	16735109	2.586425658377999e-12	16966340	False	231.2	0.929	2	True	10	0.2	1	False	0
GS3	Os03g0407400	Grain_weight	3	16729501	16735109	3.706465823986071e-08	16956612	False	221.5	0.0	0	False	6	0.0	0	False	0
GW5	LOC_Os05g09520	Grain_width	5	5365122	5366701	5.091198148171642e-08	5410545	False	43.8	0.004	1	False	5	0.004	1	False	0
GW5	LOC_Os05g09520	Grain_weight	5	5365122	5366701	2.689056950029255e-16	5587695	False	221.0	0.003	1	False	1	0.004	1	False	0
GW2	Os02g0244100	Grain_width	2	8115223	8121651	8.026015608726247e-18	8140785	False	19.1	0.002	2	False	76	0.002	2	False	0
GW2	Os02g0244100	Grain_weight	2	8115223	8121651	1.894916162184137e-06	8140785	False	19.1	0.0	0	False	26	0.0	0	False	0
GL7	Os07g0603300	Grain_length	7	24664328	24669321	1.8407720014689583e-20	24847879	False	178.6	0.0	2	False	46	0.002	2	False	0
qGL3	Os03g0646900	Grain_length	3	25042427	25051072	1.0946870992284856e-06	24760622	False	281.8	0.0	0	False	44	0.0	0	False	0
GW8	Os08g0531600	Grain_width	8	26501167	26506198	7.358342524511575e-10	26588358	False	82.2	0.003	1	False	134	0.006	2	False	0
TGW6	Os06g0623700	Grain_weight	6	25093242	25094294	0.0001016810447856873	25101134	False	6.8	0.0	0	False	37	0.0	0	False	0
GS5	Os05g0158500	Grain_width	5	3439304	3443769	2.7684711364471963e-06	3167897	False	271.4	0.001	0	False	29	0.0	0	False	0
Hd1	Os06g0275000	Heading_date	6	9336376	9338569	1.3627305746646888e-06	9611196	False	272.6	0.001	1	False	5	0.0	0	False	0
Ghd7	Os07g0261200	Heading_date	7	9152377	9155030	2.1107655626245432e-06	8975739	False	176.6	0.0	0	False	172	0.0	0	False	0
Ghd7	Os07g0261200	Plant_height	7	9152377	9155030	9.96666819037749e-07	9151855	True	0.5	0.0	0	False	91	0.0	0	False	0
Ghd7	Os07g0261200	Yield	7	9152377	9155030	5.077851547558803e-05	9157964	True	2.9	0.0	0	False	108	0.0	0	False	0
DTH8	Os08g0174500	Heading_date	8	4332106	4334829	2.400435273852686e-07	4041289	False	290.8		1	False	15		0	False	0
Ehd1	Os10g0463400	Heading_date	10	17076098	17081344	0.00015465358793188342	17057024	False	19.1	0.0	0	False	95	0.0	0	False	0
Hd3a	Os06g0157700	Heading_date	6	2940004	2942452	3.595588643014001e-07	3043403	False	101.0	0.001	2	True	15	0.002	1	False	0
Ghd7.1	Os07g0695100	Heading_date	7	29616705	29629215	2.5020731357669034e-05	29653222	False	24.0	0.0	0	False	23	0.0	0	False	0
sd1	Os01g0883800	Plant_height	1	38382385	38385469	2.930218459831283e-11	38383093	True	0.0	1.0	1	True	81	0.217	1	True	0
IPA1	Os08g0509600	Num_panicles	8	25274541	25278696	3.510508266152476e-05	25541956	False	263.3	0.0	0	False	38	0.0	0	False	0
IPA1	Os08g0509600	Num_effective_panicles	8	25274541	25278696	1.8563505882998362e-05	25541956	False	263.3	0.0	0	False	29	0.0	0	False	0
