panel	trait	loci	pairs_within_1Mb	pairs_in_LD_r2>=0.5
3K	apiculus_colour	11	42	0
3K	auricle_colour	9	11	0
3K	blade_pubescence	263	396	0
3K	collar_colour	9	11	0
3K	culm_angle	1	0	0
3K	culm_length	8	1	0
3K	flag_leaf_angle	3	0	0
3K	glutinous_endosperm	16	26	0
3K	hull_colour	10	44	0
3K	leaf_angle	1	0	0
3K	leaf_sheath_colour	14	53	0
3K	lemma_pubescence	46	8	0
3K	panicle_exsertion	1	0	0
3K	panicle_length	1	0	0
3K	panicle_shattering	3	0	0
3K	panicle_threshability	2	0	0
3K	secondary_branching	4	0	0
3K	seed_coat_colour	9	21	0
3K	seedling_height	1	0	0
3K	sterile_lemma_colour	3	1	0
RDP1	alkali_spreading_value	5	1	0
RDP1	amylose_content	6	0	0
RDP1	awn_presence	1	0	0
RDP1	blast_resistance	3	0	0
RDP1	brown_rice_length_width_ratio	5	0	0
RDP1	brown_rice_seed_length	3	0	0
RDP1	brown_rice_seed_width	2	1	0
RDP1	brown_rice_volume	2	0	0
RDP1	flag_leaf_width	2	0	0
RDP1	flowering_time_at_aberdeen	9	0	0
RDP1	flowering_time_at_arkansas	2	0	0
RDP1	flowering_time_at_faridpur	1	0	0
RDP1	ft_ratio_of_arkansas_aberdeen	5	0	0
RDP1	ft_ratio_of_faridpur_aberdeen	3	1	0
RDP1	leaf_pubescence	9	0	0
RDP1	panicle_number_per_plant	1	0	0
RDP1	pericarp_color	32	3	0
RDP1	plant_height	2	0	0
RDP1	primary_panicle_branch_number	1	0	0
RDP1	seed_length	2	0	0
RDP1	seed_length_width_ratio	6	0	0
RDP1	seed_volume	3	0	0
RDP1	seed_width	4	1	0
RDP1	straighthead_suseptability	1	0	0
