panel	trait	passport_id	chrom	lead	interval_kb	p	known_genes	n_known	nearest_known_id	nearest_known_kb
3K	apiculus_colour	OsLP.Wd7YTkkgUdrREDzzktHXy3BIcgvzypBk	6	5311849	686.1	9.940311634657752e-94	OsC1(Os06g0205100, 3 kb)	1	Os06g0205100	3.4
3K	apiculus_colour	OsLP.vuh9Q8EtW0h7s0ogebCw44RFSz6d9wLN	6	5221275	522.1	2.1577444091526824e-57	OsC1(Os06g0205100, 93 kb)	1	Os06g0205100	94.0
3K	apiculus_colour	OsLP.jx2p6JLKE1a-UFBeRoANiV-p-a3vhylD	6	5330241	157.8	2.2064800240602853e-20	OsC1(Os06g0205100, 14 kb)	1	Os06g0205100	15.0
3K	apiculus_colour	OsLP.UfBfIbdGRbKaW72BHuEPAkUEIgXn-ca8	6	5221935	133.7	2.3697361843832142e-14	OsC1(Os06g0205100, 93 kb)	1	Os06g0205100	93.3
3K	apiculus_colour	OsLP.XE0udoXO51QxdFHvauPJ8hlbxOHliVGp	6	5336594	651.7	6.264695981078902e-14	OsC1(Os06g0205100, 21 kb)	1	Os06g0205100	21.3
3K	apiculus_colour	OsLP.CxtbKNR3iwZElkEnmQY1m9MERvhr1uXn	6	6148476	1362.9	2.64606190285294e-11		0		
3K	apiculus_colour	OsLP.oJIJW0I_y742FewmZtxUzBnHLSHvD10L	6	4724044	56.9	3.2329575336809473e-10		0		
3K	apiculus_colour	OsLP.Ivdqjn3JEHLJ5_QoPL6EHjKuIRsvOMM-	6	4863716	26.7	3.363411463095146e-10		0		
3K	apiculus_colour	OsLP.Rs0wJ3FvqhKwe0DY5wHLd56qNCAl999n	6	4930619	443.7	1.2888132727962616e-09	OsC1(Os06g0205100, 384 kb)	1	Os06g0205100	384.6
3K	apiculus_colour	OsLP.gn_rrhoiA5Em1qujqAiKII91Bfczl4G3	6	5600138	224.4	4.345202292544077e-09		0		
3K	apiculus_colour	OsLP.ecqFWJAPwfKCPE-HgcXRKhIY0n87FGul	6	7469390	229.9	9.648726584614832e-09		0		
3K	auricle_colour	OsLP.Wd7YTkkgUdrREDzzktHXy3BIcgvzypBk	6	5311849	620.2	6.522288424656382e-58	OsC1(Os06g0205100, 3 kb)	1	Os06g0205100	3.4
3K	auricle_colour	OsLP.vuh9Q8EtW0h7s0ogebCw44RFSz6d9wLN	6	5221275	493.8	9.412391869089686e-45	OsC1(Os06g0205100, 93 kb)	1	Os06g0205100	94.0
3K	auricle_colour	OsLP.dPuNsvOrK5GU0j0510dpPY67U8sLWiU8	1	22218988	238.2	1.0784499632938318e-12	Rb1(Os01g0576100, 3 kb);PSH1(Os01g0577300, 82 kb)	2	Os01g0576100	3.3
3K	auricle_colour	OsLP.jOfdjeQRvcy2FBGDc1DR0knrRCim2b7Y	6	4852735	79.9	1.1548085748334224e-10		0		
3K	auricle_colour	OsLP.rA7i6gnh7jJeguljCT-gT_cUqSolBYXB	6	7699285	229.9	1.5475332893405093e-09		0		
3K	auricle_colour	OsLP.RrpvJnx5ARYhfNd4wiJ7HRjj7DfAbu5S	6	5380833	35.9	3.5389954151550234e-09	OsC1(Os06g0205100, 65 kb)	1	Os06g0205100	65.6
3K	auricle_colour	OsLP.qcmDQCAbwLZmgnPilfAKTSmOJsN3OoVQ	6	6769102	953.5	3.981530069738192e-09		0		
3K	auricle_colour	OsLP.6pBj3h6kWP688tzCTgiBtHtoFO0Y3hF5	6	3323630	512.9	4.0617201735772424e-08		0		
3K	auricle_colour	OsLP.e6a-dYCudi4ig9C8JAMOYwja1yclLqKR	6	5433796	72.5	6.118289180058134e-08		0		
3K	blade_pubescence	OsLP.pr87JadhySNT_7ndvWLRWWywbCPrJy-_	5	607460	946.9	1.1778771585369463e-71	GLR1(Os05g0118700, 370 kb)	1	Os05g0118700	370.5
3K	blade_pubescence	OsLP.uuRz-CrC0LqLkjLVQmmwKoNr1Ssd-cvQ	5	1111421	641.3	1.4233116364666494e-43	GLR1(Os05g0118700, 133 kb)	1	Os05g0118700	133.5
3K	blade_pubescence	OsLP.SLFMPil_SoLUZD3E9Qy5bduXNahx2M5N	5	524471	936.0	2.8747494529363498e-39	GLR1(Os05g0118700, 453 kb)	1	Os05g0118700	453.4
3K	blade_pubescence	OsLP.63H0BJ3-InTLz3qhMKyGGi2uAG53hhGC	2	7501358	649.6	8.311894074456171e-39	Docs1(Os02g0236100, 214 kb)	1	Os02g0236100	214.3
3K	blade_pubescence	OsLP.yjj5AxvaUU2mMYsALgswxSRgGgl5E30H	5	28160185	2102.1	8.20918418869898e-37		0		
3K	blade_pubescence	OsLP._4BXqxVrs9SB67wMGdgVgbmTi9YODS9i	5	532820	978.2	1.0080916093642931e-32	GLR1(Os05g0118700, 445 kb)	1	Os05g0118700	445.1
3K	blade_pubescence	OsLP.5wTFnMbmDLbIU3XxOpku4ecEf2Vj4HR5	5	4650633	573.9	1.5222991328804236e-32		0		
3K	blade_pubescence	OsLP.b22_eRyp-27BPZHZSl6gpUz-Oj1A4ARP	5	23365666	2405.7	1.2891397503856035e-31		0		
3K	blade_pubescence	OsLP.9P73-I6L99Jlh1nv0RlL6jqCxdPEEEAs	5	16527821	673.9	3.5784915826417525e-31		0		
3K	blade_pubescence	OsLP.5YL23TMVDAd9APylpN-cvSVaXuMXAiRT	2	27068915	878.7	1.5841634902063724e-30		0		
3K	blade_pubescence	OsLP.gWJ3UHUoY65gcSsG91hIoVby25PJ1BGR	5	358026	201.5	2.1364857475803655e-30		0		
3K	blade_pubescence	OsLP.bF4wf5Dt2DCEvxaHq8tXPPdyfkbj-96o	2	1608866	1456.1	7.314758630147257e-28		0		
3K	blade_pubescence	OsLP.weD6OWMtyEP6xLDHsO7yIOuWbQTOJJky	5	1756092	84.6	1.8866876212189544e-27		0		
3K	blade_pubescence	OsLP.FjTIM_u-pHQl9JY0cNewKnE75U-k08wW	2	8403303	866.2	2.9329185340084543e-27		0		
3K	blade_pubescence	OsLP.iYd3Xoim0WLdzVNLQ7WgQj6Cxb7YrM5q	5	28746045	471.8	3.491403154785855e-26		0		
3K	blade_pubescence	OsLP.AqYTMSjZP06bHSib5Qq2vqArxekM82tw	5	21372713	267.6	5.854637363205749e-26		0		
3K	blade_pubescence	OsLP.S5QFBxSvUnxckbrn48mu0rJJNF6IjZxj	5	21724895	1797.9	8.804404761646776e-26		0		
3K	blade_pubescence	OsLP.e5lQMhYmlrQQKF8QDuli-qtBAytdsVBD	2	25639399	951.3	1.5743453291429372e-25		0		
3K	blade_pubescence	OsLP.WZ7aLK6JSYfOuuj4pcZYAEl2BGZpY-sq	2	20923739	1512.3	3.163005885345203e-25		0		
3K	blade_pubescence	OsLP.A9EZKLU1bnDX1Fmpog5bWMypNKCE1vkC	5	947656	14.4	1.1746270559234963e-24	GLR1(Os05g0118700, 30 kb)	1	Os05g0118700	30.3
3K	blade_pubescence	OsLP.RDDyVVEojW_VcOH8cKCaSl-VYHLiDDMR	5	25515353	793.9	3.244143079048841e-24		0		
3K	blade_pubescence	OsLP.E1ufVDqhSCXTUvaommvs_VhI3mjOtW-V	5	23484152	414.0	5.842517205360304e-24		0		
3K	blade_pubescence	OsLP.jmkUiktrU-YqQY6hg2rlqVeP6RqzM9lG	3	31591831	2254.3	1.2153461792171939e-23		0		
3K	blade_pubescence	OsLP.dkRbVw6CjLIPlSph6ecPdGq0Cc_awf7m	2	28334696	874.6	1.519847452928476e-23		0		
3K	blade_pubescence	OsLP.ZlWbJORGdHgyx5wqhF5BKxqG6U72BE-7	5	1420891	294.6	2.5959719768130478e-23		0		
3K	blade_pubescence	OsLP.rLpWQVN6c_6HClqx_ViuHbz-MxldOgzg	2	23176753	956.2	2.656439932029996e-23		0		
3K	blade_pubescence	OsLP.I068XEQ7WhRuV1p9X_2qyiqMRR3pOjJS	5	29444674	476.5	2.829436814872101e-23	OsPP2C53(Os05g0592800, 97 kb);OsUGE1(Os05g0595100, 187 kb)	2	Os05g0592800	97.2
3K	blade_pubescence	OsLP.vCb1j3f5x_tTK15cXWyLxW8IMlv99yFb	5	19501781	574.2	3.655947916131239e-23		0		
3K	blade_pubescence	OsLP.q_4GcMVu4ZKU9MRISUH9v-NJioccsDLr	5	15934773	477.9	9.974703613396179e-23		0		
3K	blade_pubescence	OsLP.Ckex2jUKoFdfWVH26aweKshdjR3iD1nm	2	24082745	439.1	1.9883828103967532e-22		0		
3K	blade_pubescence	OsLP.u9m12Qb92h4dv-_BvLAPG5ZV82m-Seeo	5	20184825	616.5	2.310468223897577e-22		0		
3K	blade_pubescence	OsLP.ydj4xZVt39_H9Kv6AMmZ5vcIrAkvpxOn	5	3845950	798.3	2.587617025712442e-22		0		
3K	blade_pubescence	OsLP.QXzcOaZizz5uUYH1bv8CQSDKjyuU2dpf	2	18967794	770.5	4.7730941392875025e-22		0		
3K	blade_pubescence	OsLP.k58SSqSZ1ABZ6B2xJ5DIBk6VoW8UYnDH	6	1893919	1635.6	7.021016602403131e-22		0		
3K	blade_pubescence	OsLP.y-AC-Xu-3YaIupl1sEsuVYhXjQ50ulp1	1	9390095	283.6	1.725837891990197e-21		0		
3K	blade_pubescence	OsLP.2-_PikUtRph07hwT3ehhoj3Hzxrt4n7d	1	4063651	1449.6	2.021622209088932e-21		0		
3K	blade_pubescence	OsLP.YdhcNQW3ewkY6EnYNZfLTf_7Ji5Xu4Ir	1	25753751	1670.6	3.9774066910502704e-21	OsTCL1(Os01g0619100, 1109 kb)	1	Os01g0619100	1109.6
3K	blade_pubescence	OsLP.Fgz7Bepwvw7G5pMKCywv4f567Bk2EROU	2	35855797	457.8	6.858039781459287e-21		0		
3K	blade_pubescence	OsLP.qySCYEyq-4x69u3zKRd01qELyOz2bv4X	2	31850888	895.6	8.717661466018501e-21		0		
3K	blade_pubescence	OsLP.Sx_dnXgiKh3zFmz44PgNh87gko8iclf5	2	16303726	864.7	1.1649304569904483e-20		0		
3K	blade_pubescence	OsLP.mV4OKkdKN_GnwoztY2qCDNA9iO4JdIsc	2	30620217	899.6	1.441451385758209e-20		0		
3K	blade_pubescence	OsLP.l50Nx_BgWtcDhaLQy1lVQ3tas_OKzvzO	5	20697808	530.4	1.5613490379696512e-20		0		
3K	blade_pubescence	OsLP.pKhbekvcx7DukBI4gt_vnsliGZd8cxFm	5	798503	135.1	4.3251383103500795e-20		0		
3K	blade_pubescence	OsLP.fW1OW_M_5_tXGJkwpGh-vAgCLr4bgi5G	2	35101710	607.8	7.592765726465286e-20		0		
3K	blade_pubescence	OsLP.-yTUtqEli-QPQCGB8OMKrx9hKP_99FAt	5	28543212	961.1	9.24059635637677e-20		0		
3K	blade_pubescence	OsLP.PlwlFA37JNtEMiUr3tWPR-zcbID94PuR	5	4302888	760.3	1.6799640954848158e-19		0		
3K	blade_pubescence	OsLP.N3ga-Ju8KcQZkzEPg7mXKjDErEajeqHv	2	33161055	837.1	1.9511919700023744e-19		0		
3K	blade_pubescence	OsLP.xG1Gm2bKJsYaSkUYYxzggAPKUTeW2WXc	12	23839740	330.9	3.623264175531333e-19		0		
3K	blade_pubescence	OsLP.k9ByPu5ubXhjc0SzPgXvLZUa4uGG6nI6	2	13526962	3359.9	3.653423348834552e-19		0		
3K	blade_pubescence	OsLP.WXxKgMOpFxnWfgvr8xPgvB6fHkDHOKDl	3	2985723	760.6	5.203553211345591e-19		0		
3K	blade_pubescence	OsLP.LWgEhd1htQjgduJuOZJvN5s_RsWEgvv0	1	6567940	795.3	7.085981269167699e-19		0		
3K	blade_pubescence	OsLP.wJgNIB93KBT-5a-KFkHavCDeNbaxRgch	2	18453253	323.6	2.808018728116633e-18		0		
3K	blade_pubescence	OsLP.xvyDwEie-opClfawNRdTmteU47-02Yy_	2	8142652	456.6	3.812413511042983e-18	Docs1(Os02g0236100, 427 kb)	1	Os02g0236100	427.0
3K	blade_pubescence	OsLP.S0fZp8BHtFiapT7LDfqTOE27TUPZBPrv	5	29471	67.1	3.921028509194598e-18		0		
3K	blade_pubescence	OsLP.mf2YymATdyeJsWF6JDXsgmFwcKAjxrlt	5	9084127	2790.5	5.628594992827284e-18		0		
3K	blade_pubescence	OsLP.L19LYST-9aArBfchHNL_chzNkAOahXQQ	2	25998948	395.7	6.2387847227199954e-18		0		
3K	blade_pubescence	OsLP.EoBW831NtoiEcTeRoMavu75BPtChppnC	2	32457258	128.2	8.780110870965303e-18		0		
3K	blade_pubescence	OsLP.QbQsXYbTxFS_3BOwCwTRxc3Fl_ouFbyN	2	31462108	851.5	1.403459872921181e-17		0		
3K	blade_pubescence	OsLP.pmwmTyA37RBwoYPQt-Lt55KoQeHflBwn	1	28643579	2321.7	2.3350705148630845e-17		0		
3K	blade_pubescence	OsLP.gAlZ5Kz_XsWBLomTuszQ5kyo4mjkG00G	5	5289052	102.4	2.835306411760689e-17		0		
3K	blade_pubescence	OsLP.vByyJvr16bRB6dnypDgGJPZYCf8-FM71	5	2464911	436.8	4.4177384488964695e-17		0		
3K	blade_pubescence	OsLP.hebl5ytu2TnUUKhxkmq8eyV3imWCrLpA	1	12259735	408.8	7.978109633536688e-17		0		
3K	blade_pubescence	OsLP.sFm_xmVdKeZKWpFtDvuAc639ydzWIB2o	11	2396261	1337.9	8.894058875558946e-17		0		
3K	blade_pubescence	OsLP.6yJH9GpoTXWo17lJTEXqvkgdVxAz1ool	5	17413303	625.4	1.3986208557452746e-16		0		
3K	blade_pubescence	OsLP.yHl5jDih4e9xC2K1hvbpsVYo9rVZou0n	2	17240553	715.8	1.421019376996005e-16		0		
3K	blade_pubescence	OsLP.QpVnBUt99_OIQKOD_vJi2fb2B-WD4ebN	5	1048535	692.1	1.7366008129829907e-16	GLR1(Os05g0118700, 70 kb)	1	Os05g0118700	70.6
3K	blade_pubescence	OsLP.X_KxEhFrbGUmdcC_RDOhIIlgk3v05nmd	2	26410683	226.0	1.8026026284757337e-16		0		
3K	blade_pubescence	OsLP.4KLrht-8mkB_2Vbq2DGMZsW5PtOw6xJL	2	34077881	663.2	2.275097430772067e-16		0		
3K	blade_pubescence	OsLP.DQudcvtZHvuERPq2CwbPBJ2jgIKsQiYF	5	6258323	464.8	2.9308932452503244e-16		0		
3K	blade_pubescence	OsLP.7FAxT2DcsGYnFA-mC1fQvvyaxELnDB3T	2	33184410	347.3	3.523708710424876e-16		0		
3K	blade_pubescence	OsLP.Mo9CsZtMN1AMxSmBE7iY9hJLDOdHZ42n	2	30060143	435.5	3.9246415735345993e-16		0		
3K	blade_pubescence	OsLP.UbFr-0hIreCjiI_0h2p03MFOwbJlAzNM	11	17944523	653.5	6.561452663029056e-16		0		
3K	blade_pubescence	OsLP.Z-A03vbR3mmID5A7PezxXvuwTvtWDP4V	1	26593023	540.7	7.1729862775671e-16		0		
3K	blade_pubescence	OsLP.p8x9ZZmn-dAo-lq4g-6P400_c5g-xINw	5	5428998	148.5	8.613903457724283e-16		0		
3K	blade_pubescence	OsLP.8wlbs5Mr2HK9TCHbFx09Hn9HBIMXaQRi	2	32588222	357.1	1.390272716483979e-15		0		
3K	blade_pubescence	OsLP.nGAw-MikmO606PZXls4Vgorhiglm7l68	5	22431362	1935.7	1.872405895986796e-15		0		
3K	blade_pubescence	OsLP.ecAlhFB1mgRb30qWdKmpsECAx17k3r5g	3	26049594	966.5	3.60495626278838e-15		0		
3K	blade_pubescence	OsLP.2ifHAuSm8iGeklgYvTA7Oab0Q8L0LXhY	11	844116	756.6	3.618261907324302e-15		0		
3K	blade_pubescence	OsLP.3GL5nQ7YWz4yXArLi7JJzl3xBP3zAWqk	2	20545259	251.1	3.853008791908315e-15		0		
3K	blade_pubescence	OsLP.tgd8Ti0j-CHMMhFiCkwyvbH3ldYw6w3n	2	17844962	609.1	4.5009065914561645e-15		0		
3K	blade_pubescence	OsLP.-b-XEGmOdPM51RNhj9S4G3sYQr2I7pGr	5	24006699	447.9	5.8775996368059945e-15		0		
3K	blade_pubescence	OsLP.sUziu-33FWiEBq_AzQbJEzqLnELzE834	11	24311943	536.6	6.093965623401207e-15		0		
3K	blade_pubescence	OsLP.2w2XIyqqYGRdfhgj2VI291vmzgNtALmP	11	9091745	1269.1	6.3826348619054825e-15		0		
3K	blade_pubescence	OsLP.VFx0hgBfdBQpOVa7bBWLYuoIvKjHcJGs	11	13081384	2987.1	1.0273064148386752e-14		0		
3K	blade_pubescence	OsLP.Ae-diXCdzaynTq2i4X6wiFpqfag9DsPE	5	7341104	508.5	1.3921947766296786e-14		0		
3K	blade_pubescence	OsLP.OBSA2of4_3Pdb8WZ4eMUynz8CU_tiWjZ	2	28870167	216.5	1.4220013215188834e-14		0		
3K	blade_pubescence	OsLP.j1_b4yf6QFGHpy1IFjFLLz-8EHDUs9hX	5	27305724	602.2	1.4394613220781624e-14		0		
3K	blade_pubescence	OsLP.SmPVI_BGXfOCB3J6WyZjvFwK5awGKFjq	5	7634863	262.9	1.5513150292934062e-14		0		
3K	blade_pubescence	OsLP.ZVprsWhlozAt7iHT4ln6kEekMczByy6y	2	31940975	144.0	2.4266100950824142e-14		0		
3K	blade_pubescence	OsLP.yaNqHWixJhueqCkJdGyK9_3kxNV0Dl2k	11	131817	90.5	2.8177340493202242e-14		0		
3K	blade_pubescence	OsLP.UdM59XHw0I_9RA6PaXxBpZ6LVhgevDND	5	1140037	155.5	3.366665743686232e-14		0		
3K	blade_pubescence	OsLP.q6ZEDLlPlCiUXSZESlQpW421nsRfjMdS	11	15433354	2040.8	4.011437222087675e-14		0		
3K	blade_pubescence	OsLP.kh9LLPTU1_zQzf27oO3lziVocF2LLy8F	2	19163677	81.9	4.8607132352012486e-14		0		
3K	blade_pubescence	OsLP.DntdTnd6oWeqAtzRkkEul1S86z4Ah5XC	2	9578053	198.6	6.553902858334767e-14		0		
3K	blade_pubescence	OsLP.xCDhS8tl5gX_0HgRHl0QTebZYG8TGEaY	2	7244899	595.4	8.288959162731059e-14	Docs1(Os02g0236100, 470 kb)	1	Os02g0236100	470.7
3K	blade_pubescence	OsLP.dOteYB7W5XEKRX6CDD4FLbOiia5zvsT0	8	9101452	6.0	1.0651235816613797e-13		0		
3K	blade_pubescence	OsLP.TrjLdu-95sCFSNcTgegw-0IT2GIhFTGa	2	17040746	129.6	1.164930456990453e-13		0		
3K	blade_pubescence	OsLP.NQ3xOTaVTZsECFx8J40-ct0xbYNvmSZF	5	17967780	462.2	1.2128301928946927e-13		0		
3K	blade_pubescence	OsLP.FFtPfae3Cdcvetaf7B-9JJX5ZJ7t6HFC	2	14944936	2125.8	1.3430741797949018e-13		0		
3K	blade_pubescence	OsLP.LWQS_VORIkAlmOonjpsxRP22SYQd1bDK	10	22787184	676.9	1.351138907066206e-13		0		
3K	blade_pubescence	OsLP.jbMS7sh4o2eCKUJlOqrJVTDoGcU2bEaR	6	27559442	30.0	1.4099379493587247e-13		0		
3K	blade_pubescence	OsLP.4gzrpuo_MH51b1f7t2JTNY7BjjRidCqR	10	7376960	1654.4	1.518448266141223e-13		0		
3K	blade_pubescence	OsLP.8aek1XPVKV5bHr75KSHk1xgGVEZrh8nX	5	5256714	2966.6	1.8501204347718623e-13		0		
3K	blade_pubescence	OsLP.GpYJ4b05exo3aI0AnwEnzIliJ4UA8mjg	11	9482009	677.5	2.0787391718787117e-13		0		
3K	blade_pubescence	OsLP.bCTPH2g80ZIRSNBMVdB5OC1qi5pbQ81z	3	29478367	354.4	2.1149494907076358e-13		0		
3K	blade_pubescence	OsLP.kdfAR9i2A3djmQfwzJdZPrqCK_7MAqz4	6	24188083	1181.6	2.390561935344636e-13		0		
3K	blade_pubescence	OsLP.wVc7TN5dWv-qs0BDkb2IsBh-e3gNqmkM	5	9657125	469.0	2.9376496519615304e-13		0		
3K	blade_pubescence	OsLP.Rsl8Q1w3AmmlC6G_GdVAqlGXMxReBVgX	2	4669893	397.9	3.070435650730062e-13		0		
3K	blade_pubescence	OsLP.irUOmmCgxIZnVETYMaHwFLhDoDNWuSKU	8	27462120	391.9	3.076805193759745e-13		0		
3K	blade_pubescence	OsLP.5da85VTeQkXqno56auVcZofrJW-uVk1w	5	842465	117.7	3.353513044505601e-13	GLR1(Os05g0118700, 135 kb)	1	Os05g0118700	135.4
3K	blade_pubescence	OsLP.FpBlsbXT6nCSbw5FdaAi8UBCUVw6_B68	5	16282076	1429.9	3.420581952567501e-13		0		
3K	blade_pubescence	OsLP.4Hd7_O3TKwn5m58lCnNvH1Km68OdH4v3	2	22421241	42.7	3.476161938153812e-13		0		
3K	blade_pubescence	OsLP.0XWJzRWtM-BHh8lLu3xLdnGh8-hyYce-	2	24582772	56.2	3.67028678481097e-13		0		
3K	blade_pubescence	OsLP.HWeeU7yZFegefQmn68GBDSj-7qPN8lQ6	8	24351687	268.6	4.447336593897966e-13		0		
3K	blade_pubescence	OsLP.UuQM5m-TTOthgtEuTVM-pgBVxObwO70e	3	24754684	1044.4	4.706520991281353e-13		0		
3K	blade_pubescence	OsLP.CiKdcTZDXGLSMCfDlLMpmL8UrAJfTIWb	5	4302087	310.8	4.885398559319369e-13		0		
3K	blade_pubescence	OsLP.E4qCvDsygelMwL4MeL6FXek27mWy-4yd	2	8953247	673.9	5.889792572290241e-13		0		
3K	blade_pubescence	OsLP.ceYPPdC_30gTTqupcl2Bycr3iKfCNGkD	2	5101793	232.2	6.293612503885451e-13		0		
3K	blade_pubescence	OsLP.mLsbKPfw4H0VFIaufW7VMLwwJpXj1Wkd	5	19646376	732.8	6.774854928498453e-13		0		
3K	blade_pubescence	OsLP.2Bfs1gKiCQc4vQXm7viymEMDILbQdcD2	2	21581734	295.6	7.963426939899086e-13		0		
3K	blade_pubescence	OsLP.nx8LwtDoxSpU3jLz9z07t6e6IWakQOJC	5	26255415	66.0	8.117083246672247e-13		0		
3K	blade_pubescence	OsLP.xAEr9g6HIyhl9oj5Ne639MVTdjXkhD58	2	23721204	29.3	9.749896377173886e-13		0		
3K	blade_pubescence	OsLP.4PJXctOz-lIb41QW7dBiimz6pYdUbCJd	3	23403513	31.7	1.0197647600447163e-12		0		
3K	blade_pubescence	OsLP.zK1O8Ald6GCQUX2GwJiGdInznpIo0WiG	2	23135671	17.3	1.206701909593275e-12		0		
3K	blade_pubescence	OsLP.ZlNM7PXjneLBU16r7yzLsMikHDTeJEQp	8	27561952	488.1	1.2805602007037926e-12		0		
3K	blade_pubescence	OsLP.H4faPhmY1qRCgwxCQJJ4t8sO42eUAG_Z	8	23379997	48.1	1.3418377322533747e-12		0		
3K	blade_pubescence	OsLP.oJAkiDZd3IyU8P7Xe4Ld1UVTEbs64zDH	8	25006197	338.5	1.5477471037349195e-12		0		
3K	blade_pubescence	OsLP.aHFsbH63r6WCLnVL9dyb3IXI8sTbkD3w	5	7206488	802.1	1.913374580542304e-12		0		
3K	blade_pubescence	OsLP.62OITP6ZqbKkv_IcAWA_bmO-QidxqXZr	2	6984995	497.5	2.029083877009204e-12		0		
3K	blade_pubescence	OsLP.Cf0-Nwg7JSp350wuNKON6IC9L4QzAuVE	3	4930502	2833.1	2.3072783980444575e-12		0		
3K	blade_pubescence	OsLP.ZxY0y0IhkNBbgpfLjRcJZagrgrwlFTa3	2	26042378	12.4	2.5491770505091177e-12		0		
3K	blade_pubescence	OsLP.mmltE8ijTZmrIyD4JiNauXNrF77jFN0A	12	17959435	171.4	3.0171715226017694e-12		0		
3K	blade_pubescence	OsLP.VX2yJUdcbx5qY2WSn7n1F5v2bbfZC_1_	5	3201539	109.9	4.0290253508329515e-12		0		
3K	blade_pubescence	OsLP.LGPu8uH0Vi0l46-sddsdx0JJqmHsQlLE	3	25540975	218.0	4.147629932299217e-12		0		
3K	blade_pubescence	OsLP.DkAh8PLc-ZwYUSCErtuOMLhzEB_Nq004	3	14460164	149.0	4.409608164506369e-12		0		
3K	blade_pubescence	OsLP.P96X-cnD0gkSnRSCft8ktbAkbJzwexQv	1	13793394	104.2	5.0466129756352765e-12		0		
3K	blade_pubescence	OsLP.fAGdnRHuog8sMfQ6pegTt8T4OtWBPodd	8	13701757	2985.8	5.074578790806488e-12		0		
3K	blade_pubescence	OsLP.PVDLfrnMYR33osj6Yw8PVE7krUZzDeqt	5	14151947	2256.3	5.759701812546722e-12		0		
3K	blade_pubescence	OsLP._yUCFvhPDyNtGj3K4Q_OVD-OsB_tD3lQ	1	6297587	399.7	6.412095765851622e-12		0		
3K	blade_pubescence	OsLP.ciaWaXDdf-oTzjT_XALLzqjG766DkIRa	2	20575324	308.6	6.453569627274039e-12		0		
3K	blade_pubescence	OsLP.QT7jRlEmaUVkXpMLpY8aloBIG8tPwENg	8	10848020	2398.1	7.592765726465254e-12		0		
3K	blade_pubescence	OsLP.HEry9lNqnBuSSesBjsZkYVdrd-iDf06u	5	27018441	119.8	9.501671247555652e-12		0		
3K	blade_pubescence	OsLP.8JF_46dOOcSjVDLke1-ZpJMZ-2FNBMsr	12	12831349	291.0	9.536741259755848e-12		0		
3K	blade_pubescence	OsLP._wDWxuwanFLKaq_DqQLz-A-LYSFW7hPq	1	30750529	273.1	1.0104155005282138e-11		0		
3K	blade_pubescence	OsLP.ATNwIu3g4AfA08nSyCZxv9W_msC7kU9-	3	7567705	1557.3	1.1178923907117466e-11		0		
3K	blade_pubescence	OsLP.kaCwDoo7Lx_2sWnTKJPYmTMDnlQCpiml	2	7245684	126.6	1.1284959375277622e-11		0		
3K	blade_pubescence	OsLP.cGAM_qSc-rXCL9kgQ0WaOql2UO4vmSoa	2	6154511	718.7	1.1633221573175343e-11		0		
3K	blade_pubescence	OsLP.0D97crgGMiCUibWkM_kMXexdaStRUUyq	11	15251295	1625.1	1.5076481530154765e-11		0		
3K	blade_pubescence	OsLP.uqj9e1KV6IR3WsBxnLjc1FvrF443NrM1	11	14288648	334.8	1.6580590751089167e-11		0		
3K	blade_pubescence	OsLP.Vv_Pvx_5yFe7MMBmbZdU5aFhf35bibwN	2	6009412	486.7	1.770924311345066e-11		0		
3K	blade_pubescence	OsLP._lpS9rFsAsSheWjkWcfLBEo5Lt8OamfR	10	19698394	499.5	1.7901935992650087e-11		0		
3K	blade_pubescence	OsLP.ErfqNEqrOiofl-zm-m-TssZUcAyPxtSV	2	28847736	406.8	1.899765515036043e-11		0		
3K	blade_pubescence	OsLP.LTXn4aWfPuSO8ijuIIb08m58wHSiicvb	10	10270331	1287.5	2.0464446367246738e-11		0		
3K	blade_pubescence	OsLP.RJOQYmm7_GIOM_qNO5NScQmVgmoHqUaW	10	17963200	457.6	2.062053837735605e-11		0		
3K	blade_pubescence	OsLP.SyaLEs0D6wXVcyGxFP0OXZPUXjICHwaD	9	2950166	2765.9	2.2095304955730015e-11		0		
3K	blade_pubescence	OsLP.UjZy7qAeH6j91Sj2EMgratpVjW2pj2Vz	3	13883720	1351.4	2.229975029531496e-11		0		
3K	blade_pubescence	OsLP.XLa8E6N0ARGlI7YgIIMh4HVa0qfcfeIB	2	29427410	70.2	2.3222020280147256e-11		0		
3K	blade_pubescence	OsLP.hj0KluybHwHZOPXz1JW3BUN6ZdvrJVDM	10	12061257	315.4	2.516517761614645e-11		0		
3K	blade_pubescence	OsLP.pTBuj1w-h2gfg0idzzYBeY6Cj4cWWnW8	5	18768102	21.2	2.889348981559087e-11		0		
3K	blade_pubescence	OsLP.UTUyBdKv6y2vvHq0O196BVG_SJqepLAL	6	6290711	159.0	3.136172916512984e-11		0		
3K	blade_pubescence	OsLP.f9eCRr7h8QAFvUKRPNTyM0IGEeOCYedy	1	17550595	935.9	3.1405086938762164e-11		0		
3K	blade_pubescence	OsLP.o_3oR2TWqb7EdMLHh4oLDsdIqzPFcNvP	4	7683	225.2	3.187865575695906e-11		0		
3K	blade_pubescence	OsLP.FkNUcNemQYLzzIO7TtzTTVrqqAydVvU9	2	3781106	208.2	3.3373365130514904e-11		0		
3K	blade_pubescence	OsLP.VsNz17cpvKSPI3xXf3_V_VTnUWaJO6Hq	11	27660356	66.9	3.558770648487927e-11		0		
3K	blade_pubescence	OsLP.FEQfTCF9Q7vchGphUK0YGuhi6lmR0mm_	2	4881131	276.5	3.579315655650395e-11		0		
3K	blade_pubescence	OsLP.5RqT3OMH2FL_2lXF9iOdRNcpsI6l8z4y	11	10766389	472.6	3.6049562627883807e-11		0		
3K	blade_pubescence	OsLP.BPoR6nVTmS5ouJQnXCNloxhuH3_i8-hQ	5	28031069	363.5	3.6762073582940905e-11		0		
3K	blade_pubescence	OsLP.HF4nBpMdac4F6B8M2Z8MwEX4KeCObykZ	2	8003182	605.9	3.8370724549227845e-11	Docs1(Os02g0236100, 287 kb)	1	Os02g0236100	287.5
3K	blade_pubescence	OsLP.M1Io3Q_K6fw6sDrlY9wpIU4W_K3T7UYc	2	5800449	472.0	4.063497529039034e-11		0		
3K	blade_pubescence	OsLP.I2TRFxp0UHuqvSS-vn56Wsk5CpgfH-qP	10	14963921	134.0	4.387326951325304e-11		0		
3K	blade_pubescence	OsLP.YrhvizMUfr8p20JmDx6owfAy3omUD1q_	1	10506963	152.7	4.656933110262024e-11		0		
3K	blade_pubescence	OsLP.X95G0vN7D-HYAe-ovnfSQX7Utwg4YUGV	3	26598597	117.1	5.3641387144029626e-11		0		
3K	blade_pubescence	OsLP.mxiiqSggiuuaKJzT3ylAhLGTGUps2uHK	2	113218	20.6	5.511883123276066e-11	OsHAC1;1(Os02g0102300, 11 kb)	1	Os02g0102300	11.5
3K	blade_pubescence	OsLP.YwVCH87JQEyErmekrIwah7jhfwELLb_0	3	23025763	491.9	5.571857489319304e-11		0		
3K	blade_pubescence	OsLP.RAlVlR3lnJPtyliu-GUkp2DuE95UewMi	2	7820919	589.0	5.628594992827307e-11		0		
3K	blade_pubescence	OsLP.G8p4d6KNmG-wnE_JJgD4KJVLt0RdMFnq	11	6979034	80.8	5.8103193101190794e-11		0		
3K	blade_pubescence	OsLP.qEuI1vznrTEkoQvLMLVU01cJgztkx3sW	11	11970371	1822.4	6.600852070021588e-11		0		
3K	blade_pubescence	OsLP.LmEHiVdD6aUJLWu9q0Ztg3_fmm-Nstne	9	6230865	477.4	7.120327999992012e-11		0		
3K	blade_pubescence	OsLP.GYM6DuJh5EnRF__y9LAO1D_GrQ3fY9Ye	1	10343907	33.1	8.32721925985242e-11		0		
3K	blade_pubescence	OsLP.9fApvTNZ8_Hgp_rGZ_b27q6KwRIe1zvr	5	15141723	126.4	9.640509790107467e-11		0		
3K	blade_pubescence	OsLP.5xAZVU4tclBPVKDauAvzuKSj5ev-ssZw	3	22578012	453.9	1.0292716243037555e-10		0		
3K	blade_pubescence	OsLP.h0u_uw5uaIXIA5qb8p1JMGvNK7rsx6jP	1	18405148	765.5	1.033570249479399e-10		0		
3K	blade_pubescence	OsLP.yUYdUiD5J2Jizie7hzdhpwVPSGGISXpO	11	10441746	541.7	1.0980699330135951e-10		0		
3K	blade_pubescence	OsLP.9YTYX6CzBMK5x67skA_OnjTKqszntpnq	5	2584393	253.6	1.203704821170401e-10		0		
3K	blade_pubescence	OsLP.M2hgYdy39G5TYrNTGq72LCylOHOBD69r	5	27891246	1056.8	1.2934808399779257e-10		0		
3K	blade_pubescence	OsLP.udRXmRcnjpWYGWcbClqCDRX0YutmFCuR	5	29583800	566.1	1.3687369768084926e-10	OsPP2C53(Os05g0592800, 41 kb);OsUGE1(Os05g0595100, 48 kb)	2	Os05g0592800	41.9
3K	blade_pubescence	OsLP.842Z5aM5NR29Uth6Pu7gMcQVCGAEInjW	4	20357411	387.0	1.4524794613323525e-10		0		
3K	blade_pubescence	OsLP.wHhDJsDOMnVeQ7rZ2dnFaBBqafVNjY3G	12	15220340	479.5	1.5488879461960117e-10		0		
3K	blade_pubescence	OsLP.2efRerdWcNkyDipB_mGOe9PbAh1NFd1b	5	18546417	166.2	1.6292585171440693e-10		0		
3K	blade_pubescence	OsLP.Q_lUPhCWveLu8D7c8aGXVTGgXENwPJ4Q	2	918560	171.6	1.6556555908828055e-10		0		
3K	blade_pubescence	OsLP.NYUdLG8w2PN6TzP3X9xEWFMuOtyRsaX7	2	19389411	60.4	1.8273006133668986e-10		0		
3K	blade_pubescence	OsLP.okgbgAyAUoKxSbUfyHHyem8UwVzJPJkY	5	21222982	28.9	1.8982351016883012e-10		0		
3K	blade_pubescence	OsLP.klr5qE6MMFkw_tPyVKx6ZT5v0le6H40o	5	10410805	3346.9	2.12231576446459e-10		0		
3K	blade_pubescence	OsLP.cdYbTH026aNI-8WF_1b2cKNZXCWyCcMG	3	6654983	16.0	2.236763153844286e-10		0		
3K	blade_pubescence	OsLP.EzbBopqm1Fjm3EqdqWDxM1OJ-ewYY8w0	6	20498677	305.6	3.0508439911454146e-10		0		
3K	blade_pubescence	OsLP.4nDhKHtBOuJR3QJZHCzhnYlFjTiKrlEB	8	21449465	367.1	3.12212293784425e-10		0		
3K	blade_pubescence	OsLP.FIGdSRdSEDXaHLn1TvzEKD14cV0GCpYp	6	2927817	182.5	3.212550771273852e-10		0		
3K	blade_pubescence	OsLP.rhNSzXMf0PuDsJFJYrs-RU5qmXmvI43i	11	4076270	25.1	3.6172622827222557e-10		0		
3K	blade_pubescence	OsLP.Gt9F412b0-4UUoYc2jwIFsgpf3JTMZEa	5	25687603	257.4	4.39754204045541e-10		0		
3K	blade_pubescence	OsLP.1isnTbQd-Zgo2xEshH29836y8lhj_aYN	1	12237691	332.8	4.744058109291664e-10		0		
3K	blade_pubescence	OsLP.VpX4MYD6vfFTm6rJrGUNwOlz124RbvJx	8	1722410	1760.6	4.973361178740555e-10		0		
3K	blade_pubescence	OsLP.u262TGRFlmFG5AYFKUXPtqb600_138pH	2	11432910	33.2	5.208348068742073e-10		0		
3K	blade_pubescence	OsLP.QuEZ8_XnB8WZ-r5xUF-xTnQtOlGapa5P	8	14001637	1371.5	5.344166742103515e-10		0		
3K	blade_pubescence	OsLP.AydVNjb1pb4Pg-xa8pvSX48fbKx313WA	5	24557268	75.2	5.448161839981668e-10		0		
3K	blade_pubescence	OsLP.V43G6NKbuG9BgzDiG-HUpL8B1Y_VW33u	2	4578235	789.1	5.522935864801866e-10		0		
3K	blade_pubescence	OsLP.dn5Rwb_3q8DYO50nnwvvuP77_76S3Bo-	3	22466826	42.8	6.383222751373864e-10		0		
3K	blade_pubescence	OsLP.Vp4pJrjk3p4vCPDrKrLDcM1wGXJ4WNXO	12	9568314	269.0	7.085654955184605e-10		0		
3K	blade_pubescence	OsLP.6nesbHbOovPDZeEjQEetpNJAzUVs-HPu	5	12311241	1897.8	7.251201939344658e-10		0		
3K	blade_pubescence	OsLP.A31BBJzg7DpmH9JOB8sejghgvXvzQbZe	11	13125655	804.9	7.323690792026062e-10		0		
3K	blade_pubescence	OsLP.jPvF9v_O8QpnVYyv6MtnsFOhCGB-n10l	10	842144	90.8	7.571466410204537e-10		0		
3K	blade_pubescence	OsLP.yWQLmtKKT5zUtyAgfAsuK9-N5tusWIQ5	3	35608111	185.4	7.829787941891036e-10		0		
3K	blade_pubescence	OsLP.dI5THxj9788QkFjDZ1aXVp0wP27fYTwo	5	27105170	358.7	8.192189693228661e-10		0		
3K	blade_pubescence	OsLP.5q9CFY1GWPTMBGi2TeoMpfgqYi3Nhntu	11	6495073	1602.1	1.027803281648914e-09		0		
3K	blade_pubescence	OsLP.0CeAIAz1eQJjMD-o3h1qTAXmZSXHv4-W	5	20026094	161.2	1.0400638460342139e-09		0		
3K	blade_pubescence	OsLP.s5RGRQu8-HvjN8ls4PzKQ0WAArwTkKtu	8	2210909	222.0	1.0850256374459526e-09		0		
3K	blade_pubescence	OsLP.WVEMSGulfraXhwQAim_I75nhYUd9f5De	8	21697816	739.0	1.1032654043476117e-09		0		
3K	blade_pubescence	OsLP.FfohneN1SonuTvIUn3kcV0kCa156E4jU	4	23562732	2398.7	1.165735440441268e-09		0		
3K	blade_pubescence	OsLP.hOwa6eQiqOYZGQLYgc23OzaRirOaQM-x	5	24446466	448.7	1.1672126884295055e-09		0		
3K	blade_pubescence	OsLP._EoeueeFCT5do5NXpAEQhD_wIoyv27zO	2	25699878	95.4	1.2057575777884813e-09		0		
3K	blade_pubescence	OsLP._H7VqajkTSqmxocZdgoaOoiHTOjmUK_x	2	34697275	111.0	1.4279072543673753e-09		0		
3K	blade_pubescence	OsLP.pkxCfBAYP9kQhjEQF1XB5ZlVRzvDb6xk	3	10773775	579.1	1.6162926574203333e-09		0		
3K	blade_pubescence	OsLP.sJQ6jx5xm1ROWs7gnOYGhUZuJJHZ1q4n	2	25892791	54.5	1.6289959328602327e-09		0		
3K	blade_pubescence	OsLP.EiAh2w0w9eWPJcPXHcKJEQjHksZ8BXSX	5	5897529	1243.3	1.6608484288866308e-09		0		
3K	blade_pubescence	OsLP.mYummQYJY-B1dfSJpkobICHBMaPx14Oo	8	8051617	142.2	1.6898960856942022e-09		0		
3K	blade_pubescence	OsLP.x3r7p1EwVdqC6cOuBpaZvAm-w9cuTisM	7	17099431	93.7	1.819114350899031e-09		0		
3K	blade_pubescence	OsLP.DWj78aidyPgGGRKvPINiWWJcx_bOXku9	11	11970737	2200.9	1.9472423216119587e-09		0		
3K	blade_pubescence	OsLP.TDZpqixXGpq1kaITlEvuhk9uszAmu6VP	3	20722264	484.4	1.9651694314969127e-09		0		
3K	blade_pubescence	OsLP.-rPhZrUOFEwOOx0yq-Qci68iIrs4FD-g	2	22177842	21.2	2.0153477739811374e-09		0		
3K	blade_pubescence	OsLP.QIWlxtYzzuqHYSwU9U6u3bTrr-gYYm7m	11	4303518	1215.1	2.1094051403705772e-09		0		
3K	blade_pubescence	OsLP.P5fVacDKxGdmSLyDLZjtI3B2me-hnJCA	11	19095362	216.8	2.191189812071017e-09		0		
3K	blade_pubescence	OsLP.DBmRpuTxgfYH4oem5mzrzmZNDou1Mx80	11	18138301	364.7	2.544485615146634e-09		0		
3K	blade_pubescence	OsLP.qzrsvgUiw7-0Aub04wlnoZgpOParjlTB	8	7939080	788.1	2.607293968601954e-09		0		
3K	blade_pubescence	OsLP.MiB7zg5cIH0IOwWz07eiKnfPtFlgTKiF	5	29102046	206.7	2.699479290137043e-09		0		
3K	blade_pubescence	OsLP.w6lkBEGrbCo-lrg40aNN3fhukhR2diux	12	14205337	504.5	2.920249780769891e-09		0		
3K	blade_pubescence	OsLP.i8J4WZYoDP5doezok7_TfFyOss_0Op2T	12	24563529	306.3	4.108752676543678e-09		0		
3K	blade_pubescence	OsLP.7CWFIXVF8RRp8O3OAe45WM25l64a-NkM	11	24728937	109.0	4.152790286076681e-09		0		
3K	blade_pubescence	OsLP.hzsVtYo4k8rh5jD-kn05_rp1ovcZJ5Z5	7	6218302	48.3	4.183020567798014e-09		0		
3K	blade_pubescence	OsLP.i4Ft6ACR-HkKCHHB53y1nbj7-VvPfQHI	2	26757027	87.3	4.329721876892856e-09		0		
3K	blade_pubescence	OsLP.CFdCXe5VfoWi6TyIJfbO4K_z4qMu6ygd	1	23926110	2270.5	4.6088226865230174e-09	OsTCL1(Os01g0619100, 718 kb)	1	Os01g0619100	718.0
3K	blade_pubescence	OsLP.-zdqxurHY2rz6ATnellzi9uoq_paXAed	5	18256039	241.4	5.1798835930126755e-09		0		
3K	blade_pubescence	OsLP.Q5ychHNAQunZClTAI1GQKnbK2SS_SDF7	5	5285283	487.3	6.5164339853185025e-09		0		
3K	blade_pubescence	OsLP.ueKWoUL9MhqoVw1RFdp45OJ1v29eCHlc	4	6505991	849.5	9.757981715583508e-09		0		
3K	blade_pubescence	OsLP.RV9JkbM3hJswXa6MzgKKURkceYM_GxsK	2	5964041	5.7	1.0555285873658185e-08		0		
3K	blade_pubescence	OsLP.54NVRJvf9k3SVqhyS2JhooJobiT1UBjC	4	692466	219.9	1.1114757710605054e-08		0		
3K	blade_pubescence	OsLP.GHoRWZDIPqtPJ1ARPy1K_ijToBG1fAaB	5	28742606	174.4	1.1862056819993272e-08		0		
3K	blade_pubescence	OsLP.bii4JR5YBCg9gwS-fHO-s4lvkMBenyB_	8	4537994	1331.0	1.3434144025640069e-08		0		
3K	blade_pubescence	OsLP.KVo3r9hQU6Kg3dUz6gzp6lIkEBZc1wLc	12	10946288	727.5	1.5677615175472887e-08		0		
3K	blade_pubescence	OsLP.NybQuMyFoiz-cljvppBo6vE9nPlBdhIp	5	16731819	32.1	1.8711560149048852e-08		0		
3K	blade_pubescence	OsLP.E7ouFyoF4lleY6Dh-GaNjbGhemaeflFB	12	12955175	230.1	2.0346513457325447e-08		0		
3K	blade_pubescence	OsLP.hppURi7mU6Mk42uA-adJ-wBQiGSwZBA8	2	25275198	65.2	2.108094135033036e-08		0		
3K	blade_pubescence	OsLP.bXMkHbaKyZV1mvaD4-yA-BAPMZcTpYQY	3	9836994	373.9	2.2085640569160918e-08		0		
3K	blade_pubescence	OsLP.xp8jQVC1zknx1uB4CXOUyYKZYNcymBfb	8	22087951	111.2	2.316434369276137e-08		0		
3K	blade_pubescence	OsLP.smONecShFoxr_ErYPw4fW-8MeU6WXZ9d	11	27440528	350.9	2.6582755696601645e-08		0		
3K	blade_pubescence	OsLP.rV8kKPdfEnULzY5YrybpIRjIG2bRD5Vn	6	17216517	14.9	3.1234891378823663e-08		0		
3K	blade_pubescence	OsLP.OXqgY5HiEI3tI82F5aRZpb8qGiJTzwBJ	5	3057455	392.8	3.256191962776071e-08		0		
3K	blade_pubescence	OsLP.y4sUXtQntYSYeaxm7V8rJXH0NoafVNJD	8	26497442	462.4	3.293214356385782e-08		0		
3K	blade_pubescence	OsLP.1xKShNl1uPHeHvUIo2PJHB6Bg6ETVINd	1	30902231	647.9	3.77094327923251e-08		0		
3K	blade_pubescence	OsLP.Lix6H2-zlPkikhqq-6PV6IcdtbaRQk-X	5	25534549	496.1	4.170902137028845e-08		0		
3K	blade_pubescence	OsLP.Knua1Ax9WAbPrIPgWaRMa6YJGHzFDXwL	2	3050110	123.1	4.2511849540702296e-08		0		
3K	blade_pubescence	OsLP.55m8TCXtAlZO14NolabRLW0fxvnOX2os	5	19982622	448.2	6.96899254598533e-08		0		
3K	blade_pubescence	OsLP.tYS7eCKestN1_Zc1PdC7t8VsD1F6wCy5	1	27555345	306.9	7.158961057522073e-08		0		
3K	blade_pubescence	OsLP.PLCCMSmggiVf0bWp0zCXp7ORxlvdINo_	2	20016412	4.4	7.925743259119742e-08		0		
3K	blade_pubescence	OsLP.ORMTDMbJa4mRcPlR899szhVQiIFcPIvG	10	9282115	834.8	8.434318558556653e-08		0		
3K	collar_colour	OsLP.zaeopDbP4pGzhXulpA6S8J2ZY7UHmqYJ	6	5260922	620.2	6.286370884130511e-57	OsC1(Os06g0205100, 54 kb)	1	Os06g0205100	54.3
3K	collar_colour	OsLP.uqmIkM2pHNNdNGSzvYZAfI9p0x1YOSRI	6	5344243	493.8	3.141955284641068e-33	OsC1(Os06g0205100, 28 kb)	1	Os06g0205100	29.0
3K	collar_colour	OsLP.L3-jEyj9jTJuUWKqKTN7PD_He1t4mwSU	6	5158307	299.5	1.449439191287783e-14		0		
3K	collar_colour	OsLP.apqsa3oSLprDZQ5mObxeYsZajz4LAWFs	1	22210641	238.2	7.340066591560422e-13	Rb1(Os01g0576100, 5 kb);PSH1(Os01g0577300, 90 kb)	2	Os01g0576100	5.1
3K	collar_colour	OsLP.jOfdjeQRvcy2FBGDc1DR0knrRCim2b7Y	6	4852735	79.9	1.5170503674593336e-11		0		
3K	collar_colour	OsLP.rA7i6gnh7jJeguljCT-gT_cUqSolBYXB	6	7699285	229.9	1.1731944505188291e-09		0		
3K	collar_colour	OsLP.qcmDQCAbwLZmgnPilfAKTSmOJsN3OoVQ	6	6769102	620.6	7.36919417261342e-09		0		
3K	collar_colour	OsLP.RrpvJnx5ARYhfNd4wiJ7HRjj7DfAbu5S	6	5380833	137.2	3.860201720859274e-08	OsC1(Os06g0205100, 65 kb)	1	Os06g0205100	65.6
3K	collar_colour	OsLP.gOc59iAf0Ls8qnU3zkwUbhcQqoTzTjQV	6	3265118	174.2	4.9685538369999057e-08		0		
3K	culm_angle	OsLP.hllpTKDHJ-1E4KjDL46F-UggExqBK6BL	1	592188	485.8	4.1947878362730534e-09		0		
3K	culm_length	OsLP.GnKqrK4VOhM1Y6GcvKFvCDyjnt9nHrpR	1	38999212	2471.8	6.248848563929625e-18	PSRK2(Os01g0890100, 300 kb);REP-1(Os01g0907600, 502 kb);PLA2(Os01g0907900, 524 kb);OsDCL3a(Os01g0909200, 606 kb);sd1(Os01g0883800, 616 kb)	6	Os01g0890100	300.1
3K	culm_length	OsLP.0HNX0GDjlplUkjdtOLXG2K-DsRSnFaVN	1	34504927	2926.8	1.731410312890149e-17	OsMYBGA(Os01g0812000, 3 kb);OsWRKY21(Os01g0821600, 557 kb);Psd1(Os01g0822900, 625 kb);OsWRKY24(Os01g0826400, 843 kb);OsDSR2(Os01g0839200, 1499 kb)	5	Os01g0812000	3.6
3K	culm_length	OsLP.NfBRKWeoyx6pslaScZ4JbuzcTNH1cVwJ	1	32470665	1689.0	3.02203854982827e-16	DRUS2(Os01g0769700, 8 kb);OsGH3-2(Os01g0764800, 249 kb);GA2OX3(Os01g0757200, 675 kb);THIS1(Os01g0751600, 943 kb)	4	Os01g0769700	8.7
3K	culm_length	OsLP.AH9QBu4ZPkkP64LQEfbZcB8rsv-6-aEt	1	30090453	3008.1	3.0753885988131846e-13	D61(Os01g0718300, 159 kb);D10(Os01g0746400, 1138 kb)	2	Os01g0718300	159.1
3K	culm_length	OsLP.43daHfvk0NaCRae_MXeu0YX4ahR6iR5w	1	40178869	569.9	7.554400405676184e-13	sps1(Os01g0919400, 72 kb)	1	Os01g0919400	72.1
3K	culm_length	OsLP.3aEGztH4f4VQtnPlzbWWC0H73FXM-Wic	1	23353960	700.3	4.8813505807752926e-08	OsCBL5(Os01g0598200, 144 kb)	1	Os01g0598200	144.6
3K	culm_length	OsLP.LDFqWs_9tDBtEQMpXhFfvVHHkNcK9XNR	1	26090994	361.8	5.872729533183637e-08		0		
3K	culm_length	OsLP.H8Nxv01lvyXOlmcr4pxQ7007TY_ftj8b	1	29155612	153.3	9.756633693709555e-08		0		
3K	flag_leaf_angle	OsLP.33s3kXARywed-pcTzitEsKsvX_MtEnaX	8	3686550	333.7	8.614300151772301e-09		0		
3K	flag_leaf_angle	OsLP.kehBBaENOqlUeAeglaEbykwzFQa8fnOq	8	20312843	1077.5	1.0697443466087782e-08		0		
3K	flag_leaf_angle	OsLP.Ld28Qa6GqfSERyq-_B9yHNcsnnuTHg7f	8	9105034	497.0	2.3189960025050564e-08		0		
3K	glutinous_endosperm	OsLP.ZpoDd3eNFwc2g30wmgQnQ33vtVgqT-sS	6	1779126	486.4	1.4655478409559009e-36	Wx(Os06g0133000, 13 kb);OsACS6(Os06g0130400, 149 kb)	2	Os06g0133000	13.4
3K	glutinous_endosperm	OsLP.4xru5ocYPyNp9z0SAqiN4AuEBA2X2_yU	6	6752888	801.3	6.826529950876816e-23	ALK(Os06g0229800, 4 kb);OsFRK3(Os06g0232200, 90 kb)	2	Os06g0229800	4.4
3K	glutinous_endosperm	OsLP.75Qcfh5Fq4B2XUvH0yTHtezIKe8aGXx9	6	1832115	471.8	1.296880618803647e-13	Wx(Os06g0133000, 66 kb);OsACS6(Os06g0130400, 202 kb)	2	Os06g0133000	66.4
3K	glutinous_endosperm	OsLP.4WqpilsxSucsuUFZuvPaXUTFocGQIJ8v	6	2181132	330.7	5.432503314924325e-13		0		
3K	glutinous_endosperm	OsLP.RXMXHFGpgqgUgOdU-fspvtdNnnsXcRxY	6	6012752	612.3	4.381269820224935e-12		0		
3K	glutinous_endosperm	OsLP.4K-HyclKKS0vSMnbU8DhUpAOS7OyD2Vo	6	6013024	831.7	9.086570489581444e-12		0		
3K	glutinous_endosperm	OsLP.wEkPqOGRPAB__PwoBq6DWSd-qUMFFR2F	6	1605240	552.5	5.5769917237567567e-11	OsACS6(Os06g0130400, 24 kb)	1	Os06g0130400	24.6
3K	glutinous_endosperm	OsLP.XU_ocC6FYfowKOEGsTytqXXCIe0QZC75	6	4715899	259.3	3.6508164607215716e-10		0		
3K	glutinous_endosperm	OsLP.Weuikcao_bIupPYAd8joPsF4kNDJGATj	6	7131087	18.8	5.959502413593739e-10		0		
3K	glutinous_endosperm	OsLP.NsKOF9zLiavshmAxyweuue1k6gqmGA1O	6	1116627	281.7	2.2765122940011856e-09		0		
3K	glutinous_endosperm	OsLP.OXJY0JIEiH3jeiUWPb7R4CF93gRm_bEm	6	17471092	590.2	3.0132141624575702e-09	OsGWD1(Os06g0498400, 18 kb)	1	Os06g0498400	18.4
3K	glutinous_endosperm	OsLP.03bxJaA0nM_c8fHZLyRZkEF8iea62m_g	6	869297	355.2	8.734137004035146e-09		0		
3K	glutinous_endosperm	OsLP.J_dQ3pyRTW4N2H4Vg2gGKlhd0I4-Uwmz	6	7045401	431.8	1.3458913439926169e-08	OsFRK3(Os06g0232200, 202 kb);ALK(Os06g0229800, 296 kb)	2	Os06g0232200	202.5
3K	glutinous_endosperm	OsLP.A2pBixlanqIo3r2yU8Kbfqzz5JSjoTdc	6	1394031	152.8	1.920613600847152e-08		0		
3K	glutinous_endosperm	OsLP._t0GONuupdQwt6ofFHsODlGjY2ZVvc0C	6	16122954	2635.5	3.342104306308398e-08		0		
3K	glutinous_endosperm	OsLP.j68IzkKRT1kzBG3mt16Ybv8zKvuZqPMc	6	4711884	19.3	4.285583882053935e-08		0		
3K	hull_colour	OsLP.sbPdxMcdq05wbm5LT34CRDWD7xQwiO0I	9	6866275	687.4	7.629568911615335e-25	IBF1(Os09g0292900, 7 kb)	1	Os09g0292900	7.1
3K	hull_colour	OsLP.6OmPLw1asODs46JL1YjWEvjb4C7y_vuR	9	6825040	562.7	2.9798884028194166e-23	IBF1(Os09g0292900, 48 kb)	1	Os09g0292900	48.3
3K	hull_colour	OsLP.4hCsMS8UF7ZhaUBe468MPgG-vcKguVZk	9	6395082	567.4	1.3234270283674076e-15		0		
3K	hull_colour	OsLP.WqJg1MX6kvpQOd1TKparucWhw1pDY8j6	9	6773437	31.5	2.0044720273651594e-13		0		
3K	hull_colour	OsLP.heR6HmnBz4ZrDM0a9Z05xOBEt9pqT-5a	9	6088414	911.2	1.0693010665477818e-11		0		
3K	hull_colour	OsLP.DKCm7_Amnf6iwxBKVWXTpD76N56VNzO6	9	6637287	430.7	1.4927944095789944e-11	IBF1(Os09g0292900, 236 kb)	1	Os09g0292900	236.0
3K	hull_colour	OsLP.Q-7ITxdqtdMlm8skA9x6cWxSHqE_xokJ	9	6911247	210.6	1.6421015082946083e-11	IBF1(Os09g0292900, 37 kb)	1	Os09g0292900	37.9
3K	hull_colour	OsLP.rb0W7_KFFfD6ONVQp6A94R3fkTQdthyP	9	7307864	213.0	6.104076952244699e-10		0		
3K	hull_colour	OsLP.sjTYdGymhXfE_66L7KjdAr36rT_Uz2Rt	9	6911139	84.9	7.156983236739212e-10	IBF1(Os09g0292900, 37 kb)	1	Os09g0292900	37.8
3K	hull_colour	OsLP.GY3KcJX9QzhNWgeDdndBFCY6qdgHIftf	9	7045612	128.6	7.492901094589344e-08	IBF1(Os09g0292900, 172 kb)	1	Os09g0292900	172.3
3K	leaf_angle	OsLP.spBThicBc6kKLfCJYH8mDLoF3UDcXyDw	7	13322689	2093.9	7.16605273803558e-08		0		
3K	leaf_sheath_colour	OsLP.zaeopDbP4pGzhXulpA6S8J2ZY7UHmqYJ	6	5260922	562.3	2.2500905722792874e-74	OsC1(Os06g0205100, 54 kb)	1	Os06g0205100	54.3
3K	leaf_sheath_colour	OsLP.uqmIkM2pHNNdNGSzvYZAfI9p0x1YOSRI	6	5344243	541.7	6.90875831049796e-34	OsC1(Os06g0205100, 28 kb)	1	Os06g0205100	29.0
3K	leaf_sheath_colour	OsLP.L3-jEyj9jTJuUWKqKTN7PD_He1t4mwSU	6	5158307	299.5	6.613022494817659e-15		0		
3K	leaf_sheath_colour	OsLP.XE0udoXO51QxdFHvauPJ8hlbxOHliVGp	6	5336594	651.7	1.3979769153227804e-14	OsC1(Os06g0205100, 21 kb)	1	Os06g0205100	21.3
3K	leaf_sheath_colour	OsLP.RrpvJnx5ARYhfNd4wiJ7HRjj7DfAbu5S	6	5380833	78.8	6.028371389224657e-13		0		
3K	leaf_sheath_colour	OsLP.jx2p6JLKE1a-UFBeRoANiV-p-a3vhylD	6	5330241	45.9	4.097321098135421e-12	OsC1(Os06g0205100, 14 kb)	1	Os06g0205100	15.0
3K	leaf_sheath_colour	OsLP.oJIJW0I_y742FewmZtxUzBnHLSHvD10L	6	4724044	88.7	1.1132687028838453e-11		0		
3K	leaf_sheath_colour	OsLP.tx-R8wt-vbtFx5a-_Q4WAc3q5ODgc-jB	6	7110025	93.5	7.466034629999756e-10		0		
3K	leaf_sheath_colour	OsLP.rA7i6gnh7jJeguljCT-gT_cUqSolBYXB	6	7699285	229.9	9.234853281747157e-10		0		
3K	leaf_sheath_colour	OsLP.jOfdjeQRvcy2FBGDc1DR0knrRCim2b7Y	6	4852735	79.9	1.3743900424332384e-09		0		
3K	leaf_sheath_colour	OsLP.Rs0wJ3FvqhKwe0DY5wHLd56qNCAl999n	6	4930619	498.6	1.1469117445427548e-08	OsC1(Os06g0205100, 384 kb)	1	Os06g0205100	384.6
3K	leaf_sheath_colour	OsLP.CxtbKNR3iwZElkEnmQY1m9MERvhr1uXn	6	6148476	953.5	1.4676077619290792e-08		0		
3K	leaf_sheath_colour	OsLP.yLCIEWWIQz3To8q9xsYK-FRUW-hB8A3q	6	4677259	232.2	1.4796193423406139e-08		0		
3K	leaf_sheath_colour	OsLP.QeuHp1dxpUuyZwM6rasndn6rVohmAXxH	6	3262408	169.0	1.628470891246275e-08		0		
3K	lemma_pubescence	OsLP.MIZQuDJM43VqVqQm1ScdtzT432hpXu9D	6	8064397	543.7	8.090958991783813e-14		0		
3K	lemma_pubescence	OsLP.F40_XXi-OCKWv1e7Mig_29rlBsQ6llbh	9	16211395	899.8	1.6637957093869996e-13		0		
3K	lemma_pubescence	OsLP.4LVPskK0ADOqGSOwLFJCLBbSluz1tCwJ	9	16907824	617.6	1.7310116868278078e-12		0		
3K	lemma_pubescence	OsLP.hKhjI9MxsRaKW181e8gB6O61mZZQPMKs	9	18422696	558.8	5.271084762363954e-12		0		
3K	lemma_pubescence	OsLP.Z9FNR_w7LiRr6Tnxp4AQabmiE7XX9C5r	6	19425911	3693.7	5.4150191895348845e-12		0		
3K	lemma_pubescence	OsLP.hQR8kNtXr_7imb6ThzGvpo5f3fqUDp9I	6	24638016	625.8	6.369421653777093e-12		0		
3K	lemma_pubescence	OsLP.E4caTRNXVIOQ3xAEcHeY-P-jOQuR47x3	6	20216395	491.4	1.01181240585559e-11		0		
3K	lemma_pubescence	OsLP.JSqvtYLabYSOTA6AP7HcFzl-4odS_cZK	6	13486004	872.9	1.792668552365531e-11		0		
3K	lemma_pubescence	OsLP.jSZw0O1lfVdPzKNT8DVVIhhQoo4XHkMM	9	20960270	149.9	5.550089671836465e-11		0		
3K	lemma_pubescence	OsLP.HmEROlZ7kkeAuPKtmNdFI66HUsiN-qwm	6	15757606	3498.1	8.737757751180195e-11		0		
3K	lemma_pubescence	OsLP.Nn2I70iblpSrOWwPtp0iQTmX5HT6J01K	8	26933189	601.0	8.745809230752029e-11		0		
3K	lemma_pubescence	OsLP.CkyhQnYgTacLlLlEB9OCxYojA8pQgB3j	8	15583747	2059.5	9.334692152830858e-11		0		
3K	lemma_pubescence	OsLP.LMb3HsBAU8peXa8sxL8OrnUi-PEg7NaO	8	11785243	4476.1	1.021903766821342e-10		0		
3K	lemma_pubescence	OsLP.ACXW54Fe-Nfjc2KjgGMyWwmpluVewZq4	6	12693791	742.7	1.2032337358049256e-10	OsPht1;10(Os06g0325200, 0 kb);OsPht1;9(Os06g0324800, 14 kb)	2	Os06g0325200	1.0
3K	lemma_pubescence	OsLP.v-0ZXBcp9nu5eh1Wl2KjMKpF6duu3PiQ	3	21577555	849.7	2.792415242802045e-10		0		
3K	lemma_pubescence	OsLP.5lR4t6XjUB6C6f6QN9cbXV-jmO1xFsk3	8	8154754	835.3	2.912862604026495e-10		0		
3K	lemma_pubescence	OsLP.kkyG-wn5bcdjPcjMeL4TDiJghp19vFhX	6	26935791	549.6	2.919510220835899e-10	HL6(Os06g0657500, 89 kb)	1	Os06g0657500	89.7
3K	lemma_pubescence	OsLP.h1uHE6nmvF3vX5NFO7pE_amrhSO0YwxJ	8	24571470	534.0	3.6794253824454703e-10		0		
3K	lemma_pubescence	OsLP.6YA6KjbkGCJzqcm25uvyuW2nEQRrK0mI	6	28108012	2430.8	4.302986663002869e-10	OsHKT2;4(Os06g0701600, 1428 kb)	1	Os06g0701600	1428.4
3K	lemma_pubescence	OsLP.PsmFgt7qmGK6OuWYmZOfz10okU68DFxz	3	28409585	74.3	5.41152912283043e-10		0		
3K	lemma_pubescence	OsLP.aWb1mk32xtUxgOKYyXkt8QdoLKqDvPQQ	7	8263631	2069.0	7.47480728175663e-10		0		
3K	lemma_pubescence	OsLP.vlpS4TI1DT1kqqczbUc5JbrJKDGV0FYf	6	21689575	528.3	8.634555791329861e-10		0		
3K	lemma_pubescence	OsLP.VDrNOLmSFlwngn0j5gXJgchvphetsPDe	9	18966338	210.9	8.66203631205189e-10		0		
3K	lemma_pubescence	OsLP.2V6AUWJ8cGmE-KyTWIcJSp9GdUhVweBJ	9	22896545	132.1	1.0895320246459376e-09		0		
3K	lemma_pubescence	OsLP.cXTiV528jBUAB6mWwUZPoySMZXQ31xKM	8	389743	482.0	1.5905964176594596e-09		0		
3K	lemma_pubescence	OsLP.KpDuyCMWPdO96PYD6W4grURgpMIYgaQ_	3	29575207	809.2	1.6227813205480464e-09		0		
3K	lemma_pubescence	OsLP.1B-1EdQcxD66jmdARGvlnR26ttVaS6V-	6	10386706	549.5	1.7371607171842606e-09		0		
3K	lemma_pubescence	OsLP.KVKwuvrpaSa-VfnpLqK17-pT-TaiuRIh	3	5490320	2095.3	1.7674209558314566e-09		0		
3K	lemma_pubescence	OsLP.ARROolTTDe68wdjK2P9Wid72LYTArmc7	3	3039122	371.0	1.938474087668382e-09		0		
3K	lemma_pubescence	OsLP.hk5THuBcjHZSVMtovwXmH0fMGdo1ht3u	8	4662531	169.2	1.9857290988475352e-09		0		
3K	lemma_pubescence	OsLP.wBGeQ8SQakx8wF2wGCJvajfTQMPo80ny	3	27731358	153.0	2.585592027627503e-09		0		
3K	lemma_pubescence	OsLP.u0OAllMHDAk79TO4Iw4yoB6M1sAwIz2I	7	11293023	3176.2	2.7435318099512012e-09		0		
3K	lemma_pubescence	OsLP.JeY9Ybwhiz-oHydTF04F6Ftu036FDvOo	6	26429179	150.8	4.353514547339388e-09		0		
3K	lemma_pubescence	OsLP.fw2_J_JoupR9szG0DfHaQy_kDx7i8PLB	8	22978581	129.4	5.033962778290192e-09		0		
3K	lemma_pubescence	OsLP.HgMWdtbTF6GEEZadiECEk5OSyNLSk0Td	3	264089	125.9	6.330528961793403e-09		0		
3K	lemma_pubescence	OsLP.B7DrpxDs3TySGPe8a3-ToRAS2_QRJVdI	8	6295289	1067.7	6.6795929859607765e-09		0		
3K	lemma_pubescence	OsLP.GyGJ6i0AnX4XZsyFtYIbhgkA9dubAbg0	9	15535522	202.8	8.078300421835185e-09		0		
3K	lemma_pubescence	OsLP.Cc0btYY9sz-_VWqva1VcMj44y3GLIpmf	11	2568747	332.9	1.336103187256536e-08		0		
3K	lemma_pubescence	OsLP.MsQYza4tE8a5dh-RYuxFd8TMJGg1SZ6V	6	29517205	154.2	1.4556601735756018e-08	OsHKT2;4(Os06g0701600, 19 kb)	1	Os06g0701600	19.2
3K	lemma_pubescence	OsLP.UuoMMgUerHtSkR_FqivATlxXydrxdG0o	8	2480747	156.2	1.5209327094186972e-08		0		
3K	lemma_pubescence	OsLP.K-HH4RnfdAHyV0yLY87IHPxYkuRRnYKx	9	21628391	104.8	2.348442871777637e-08		0		
3K	lemma_pubescence	OsLP.9NHpC49XX-nUuTdDzgsYSqRKQMB5OFrt	7	10170540	1476.9	2.4841624911521924e-08		0		
3K	lemma_pubescence	OsLP.jaCmsXwaAfqJvTflXr2PR1JvJaU8kUmN	3	31042296	38.0	2.6638514335068292e-08		0		
3K	lemma_pubescence	OsLP.1vD6DpeAOThQKRlDsTZVpvgdgVb5scxw	8	20012294	415.5	3.778156992023142e-08		0		
3K	lemma_pubescence	OsLP.CwGRs-gfiJkZHiukk6aBVVbV0Vn6oXX0	1	39857518	1219.7	6.494414445892417e-08	OsHAK5(Os01g0930400, 968 kb)	1	Os01g0930400	968.3
3K	lemma_pubescence	OsLP.xcOhjpePqTmxrl6NMtZ8eL60d0b1Pb1F	8	3657536	254.2	1.3277918542341397e-07		0		
3K	panicle_exsertion	OsLP.iYdw6lViJzoQHzVcs39csEvThzHa5mUk	5	5500346	48.2	5.594097094807957e-10		0		
3K	panicle_length	OsLP.7ndZ75O22Q6nk-9PNwwFARMUFh_bg-kl	3	6120622	140.3	3.2372034905236702e-09	OsLG3b(Os03g0215400, 59 kb)	1	Os03g0215400	59.4
3K	panicle_shattering	OsLP.AQ6UwRnbOeakZ4gNDqPHTTdaZW1ZIp6T	1	21081228	54.4	3.2047931228494e-08		0		
3K	panicle_shattering	OsLP.jwKPynlCcKQTY4AMZASStT6WAqP3qbGq	1	16608994	2559.2	1.0099502941203191e-07		0		
3K	panicle_shattering	OsLP.7ddKveEKDwxbNrExUac9zFJyaosbPYL8	1	14443061	55.7	1.0695965661741741e-07		0		
3K	panicle_threshability	OsLP.uSp2nIh5WqyHEArfIg4HpK8jMfinucvV	2	32044645	553.5	9.23421538271461e-12		0		
3K	panicle_threshability	OsLP.5rIJiXYDp9u5bdVA8Wrf2iVomQUcIHSP	1	12662768	334.3	5.017761327261243e-08		0		
3K	secondary_branching	OsLP.r7X30Ad-R-PN9enDn0V9YaUz_1Og5Zbc	7	9420907	2024.2	4.051352202292635e-10	NAL8(Os07g0262200, 193 kb);Ghd7(Os07g0261200, 265 kb)	2	Os07g0262200	193.8
3K	secondary_branching	OsLP.UluSb1r5ZBpwMBr6qyOS5lTWa-_E8KuB	9	20834747	1297.1	3.378391688738402e-09	OsSHI1(Os09g0531600, 5 kb);OsFH15(Os09g0517600, 654 kb);OsRRMh(Os09g0516300, 720 kb);OsSPL18(Os09g0507100, 1191 kb)	4	Os09g0531600	5.1
3K	secondary_branching	OsLP.JPtzcfgdZ8RcSA5qSx3IiaYeNHs-1siW	7	11622913	2905.1	6.61241344098543e-09	OsAO3(Os07g0281700, 898 kb);OsPAGN1(Os07g0421800, 1944 kb)	2	Os07g0281700	898.2
3K	secondary_branching	OsLP.iUGcJOB9XisAyw6RcwcJrBct3gatiC5M	3	12158109	25.8	2.1143165047980488e-08		0		
3K	seed_coat_colour	OsLP.SPx2v_yCqacDhvKmIJzCrjombj8-dJeJ	7	6107387	752.0	1.1212436590474947e-71	Rc(Os07g0211500, 44 kb);OsCPL1(Os07g0207700, 301 kb)	2	Os07g0211500	44.4
3K	seed_coat_colour	OsLP.bd4_hussezCwibMS_UzcEkBkqOW1ncUh	7	6670284	652.9	1.25141109180239e-34		0		
3K	seed_coat_colour	OsLP.GZUJQ2pBrnF5U0-ELV3FIj4iyDrwkG9E	7	6062746	164.1	1.510427903003891e-27	Rc(Os07g0211500, 0 kb)	1	Os07g0211500	0.2
3K	seed_coat_colour	OsLP._qaX-4725PjtUSSY9L8Hzmwe8Ssml-kE	7	6761880	45.6	1.0351421666793451e-13		0		
3K	seed_coat_colour	OsLP.8fOIrhhe4_d2TugYOXqmB7O9GXBerm_X	7	6363692	551.0	8.308067187019132e-13		0		
3K	seed_coat_colour	OsLP.6-hXYiW5SWcWV-AZ3S0jjQ31uI-noc43	7	5921393	167.8	4.482290499966208e-11	Rc(Os07g0211500, 141 kb)	1	Os07g0211500	141.6
3K	seed_coat_colour	OsLP.bpZSVfPpaplWJO0uPJXT-hna6blKovBD	7	14791805	768.4	3.1373285381743557e-10		0		
3K	seed_coat_colour	OsLP.i2BFFnZDOgpprkjAPufof8R5RBJoZc8T	7	6259667	404.2	2.4157389406592233e-09		0		
3K	seed_coat_colour	OsLP.8j63T6rLoztqhSSeh4ptxMbjubMaXSfZ	7	19888744	715.6	6.2178465513984925e-09		0		
3K	seedling_height	OsLP.NFHO6kL1PXvnImuxRfkOcXreqKegVjfs	1	24248161	166.5	1.2407663307066073e-09	OsLOL2(Os01g0612700, 46 kb)	1	Os01g0612700	46.2
3K	sterile_lemma_colour	OsLP.e4K5RcwpWBMCDyGPeHpF30-cOtbOB1Gr	4	27872368	631.3	2.0300185198596886e-22		0		
3K	sterile_lemma_colour	OsLP.zaeopDbP4pGzhXulpA6S8J2ZY7UHmqYJ	6	5260922	230.9	7.967095078086473e-18	OsC1(Os06g0205100, 54 kb)	1	Os06g0205100	54.3
3K	sterile_lemma_colour	OsLP.EhSeMDj1jIxpVCYl1UgkTHZnjUPV7GUn	4	27941460	220.3	1.2540648637395805e-10		0		
RDP1	alkali_spreading_value	OsLP.K96HIGILG0w-hRksGuFzwj6JQdUoMfy6	6	7019948	0.0	2.4671437461911e-10		0		
RDP1	alkali_spreading_value	OsLP.pR4aNRcJlfF1uXiNcld_jr5T3y2Mzvph	3	28852757	0.0	2.2339084825142904e-09		0		
RDP1	alkali_spreading_value	OsLP.RsuVzbRKhtfT5Py1PObNkWATC1AJPywz	8	4732019	32.8	1.13563014072544e-07		0		
RDP1	alkali_spreading_value	OsLP.8VkGvFmtf-MDjU6YMezQeYrlEWIlrxKK	6	7670859	0.0	1.25065098540661e-06	PFP1(Os06g0247500, 16 kb)	1	Os06g0247500	16.7
RDP1	alkali_spreading_value	OsLP.TXOmUixIYL2Xg5FUZffZ_iP0uKYGE5fK	8	5036296	0.0	2.34225680015817e-06		0		
RDP1	amylose_content	OsLP.sINQl9kOcBUC72r4Zq4LZyrzDvdpofnC	6	1765761	0.0	2.90943790168217e-27	Wx(Os06g0133000, 0 kb)	1	Os06g0133000	0.0
RDP1	amylose_content	OsLP.U1fRKgINUL3qHw5BWPt_cNOHQJhl4P_q	6	3590969	34.1	7.24430471759504e-08		0		
RDP1	amylose_content	OsLP.27qlmd-oVciDnRcKZNH2vaGoYrPYf8oz	12	17068381	1.7	7.46866623833833e-07		0		
RDP1	amylose_content	OsLP.jR2Ezg8BBzVeAY2_Ud0yDae8ImA7vQWZ	2	23729614	0.0	2.89071877540136e-06	RSS1(Os02g0606700, 39 kb)	1	Os02g0606700	39.9
RDP1	amylose_content	OsLP.NrlmZfuQ9Lq5wWHdsXapVewml6JEglwe	2	24817618	0.0	3.40375088440135e-06		0		
RDP1	amylose_content	OsLP.aJoJKAWWDeKtvDFdm8aRWvTEEYIGUfP6	10	15465399	3.5	4.64923669455774e-06		0		
RDP1	awn_presence	OsLP.6FMkVi38fHPFTHvvKz1HYrmfTTR9jwVf	4	22645372	92.9	8.70739797355514e-06		0		
RDP1	blast_resistance	OsLP.WlBXjEvZqkaBgva_5_HQuZuB8G9JVwjZ	4	31560245	10.9	1.2164519517055e-07		0		
RDP1	blast_resistance	OsLP._nuNuun2TMVzDbxOL4XtAC2g83LvBUQr	12	10866960	42.5	1.47324775195886e-06	Pita2(Os12g0285100, 44 kb)	1	Os12g0285100	44.3
RDP1	blast_resistance	OsLP.t7ewpWpLXmCyicKOr91BDu8ySyRJkAKk	6	4637190	29.4	8.94876955971316e-06		0		
RDP1	brown_rice_length_width_ratio	OsLP.I8WHDSEBTxS2io8D9ODoQX2Jw-6SH5aX	5	5425339	46.4	3.65177977664866e-12	GSE5(Os05g0187500, 60 kb)	1	Os05g0187500	60.1
RDP1	brown_rice_length_width_ratio	OsLP.AltNfilWtNnZRl8YTi0OkLk312dWE_nz	12	21726452	0.0	1.06628520092836e-07		0		
RDP1	brown_rice_length_width_ratio	OsLP.9XyIo3Z_TDh8Tdwddr11xdUJ3zHbGMey	7	24845026	0.0	3.69206042992409e-07		0		
RDP1	brown_rice_length_width_ratio	OsLP.vdE3wK5tcLZB_05G54i2WZuD4jUiHS-x	3	15824022	108.6	4.14284016630385e-06		0		
RDP1	brown_rice_length_width_ratio	OsLP.fdvXiciaO6Z3VFKNw2UeERcRAHVmzYks	3	21455295	170.1	7.31328952426616e-06		0		
RDP1	brown_rice_seed_length	OsLP.48fWke3eO6Zdpkmw0X3l_QUgA2Tqdugw	3	16075626	135.5	5.70627688398123e-10		0		
RDP1	brown_rice_seed_length	OsLP.0CfFUPb1vusdYrl2oHlmanlNBJ2kxThy	3	16708131	141.3	9.15238385278812e-07	GS3(Os03g0407400, 26 kb)	1	Os03g0407400	26.9
RDP1	brown_rice_seed_length	OsLP.-EDMQ4vJ1HRtgiukFGfwFuCuA-cxWmqI	5	5537852	87.0	1.85881530466888e-06		0		
RDP1	brown_rice_seed_width	OsLP.I8WHDSEBTxS2io8D9ODoQX2Jw-6SH5aX	5	5425339	46.4	8.88171568302967e-13	GSE5(Os05g0187500, 60 kb)	1	Os05g0187500	60.1
RDP1	brown_rice_seed_width	OsLP.JnMVUn_SouyZQUdt6JG7DN9dGmpVIToG	5	5340596	0.0	1.95586732905677e-06	GSE5(Os05g0187500, 24 kb)	1	Os05g0187500	24.6
RDP1	brown_rice_volume	OsLP.LQnWcMX8b5rW5UGj4fjamCF_F1EOigUU	2	29617367	14.7	7.85084929539254e-07		0		
RDP1	brown_rice_volume	OsLP.FbbsUDHV1qAxn9LHu2HLjyheCdp6bHc0	5	5396755	46.4	1.20267098515122e-06	GSE5(Os05g0187500, 31 kb)	1	Os05g0187500	31.5
RDP1	flag_leaf_width	OsLP.NFMCgjRbeoOXIPDn2CGfmMi-qMnyMHnV	4	31068017	87.8	3.01208528809442e-07		0		
RDP1	flag_leaf_width	OsLP.8hIx51oRfQafS-cGG0jmzpMgK5cuZIx7	1	3480541	107.5	7.81366231623299e-06		0		
RDP1	flowering_time_at_aberdeen	OsLP.Q2sunfN8wCXjT0e3drxpgVWRh9sQ7IgJ	6	9532373	22.2	5.557528195069869e-11		0		
RDP1	flowering_time_at_aberdeen	OsLP.XXi0Yvt56eAhRZ127ODFIRuAdp3OSJ-5	6	8094539	33.1	9.9968260983739e-11		0		
RDP1	flowering_time_at_aberdeen	OsLP.DR96PeJpGqbrBMWBTZs_luYUuQ1-zC17	2	17357280	0.0	9.88405577788224e-08		0		
RDP1	flowering_time_at_aberdeen	OsLP.MF36JvajofmWlx9yqSng0t2D49ihQhPn	10	4705903	23.5	1.96769589651849e-07		0		
RDP1	flowering_time_at_aberdeen	OsLP.vRAPlhrGTdvGeB97XQt0p0_AnR-VVPUI	1	40364880	0.0	1.10757600692881e-06	OsMADS51(Os01g0922800, 20 kb)	1	Os01g0922800	20.4
RDP1	flowering_time_at_aberdeen	OsLP.MsfeLbZHNqvvlH4nj0HGaG1a-rv5XQ9A	2	17736023	60.8	1.69513790120732e-06		0		
RDP1	flowering_time_at_aberdeen	OsLP.GOAWhZ1-rOJFyZO1L3e4w9zFmogeLtvE	6	16417487	0.4	7.31463096301548e-06		0		
RDP1	flowering_time_at_aberdeen	OsLP.Zy-WYyKZVSCoWaoy4o8GBHHXwoshpjM4	6	11077979	0.0	7.52973653128062e-06		0		
RDP1	flowering_time_at_aberdeen	OsLP.A5R-NVqIcxedKTTM9zvnHXg9nnsyq6BB	1	23338226	51.9	7.78244573033459e-06		0		
RDP1	flowering_time_at_arkansas	OsLP.5IcNyZ53i-6grD0oGN__frWHoflldO0y	6	9652784	31.7	2.36927401816094e-06		0		
RDP1	flowering_time_at_arkansas	OsLP.zI_frmYHejY8K0fAJy-PPGM1zHVRaEUA	3	3767418	130.8	7.42906256787789e-06	OsDof12(Os03g0169600, 28 kb);OsSUT1(Os03g0170900, 36 kb)	2	Os03g0169600	28.4
RDP1	flowering_time_at_faridpur	OsLP.6njgFwzVegtbMEffFdvaKFkVx8DVKWih	12	5500268	66.8	5.50027271374208e-06		0		
RDP1	leaf_pubescence	OsLP.D6x5H_F25Lg3tA1KuUZGAG67axQ94dRF	5	840545	0.0	2.16501347669607e-08		0		
RDP1	leaf_pubescence	OsLP.m3VlGApkgnHpwvwpvTRCC1OCsWsCN3WV	9	10898040	0.0	1.65132659092123e-06		0		
RDP1	leaf_pubescence	OsLP.WZVf7TXqqbEzburxlN2Nt3z0nFb0Z6v1	12	21490647	40.4	2.0535203081427e-06		0		
RDP1	leaf_pubescence	OsLP.dzE5aj4KUjyibffmV78fAZCOPpFuUtoX	2	26279660	388.0	2.26827864522548e-06		0		
RDP1	leaf_pubescence	OsLP.BZBB8_eBDWf2YEaRA16g17b5ftwD1fdj	12	27121962	165.9	3.13188054731247e-06		0		
RDP1	leaf_pubescence	OsLP.2TzUvAhWfedhmemVuN2ZIKBnKmK1isll	5	1165808	164.0	5.18113556318454e-06	GLR1(Os05g0118700, 187 kb)	1	Os05g0118700	187.9
RDP1	leaf_pubescence	OsLP.jFg1dokj4f4_j9rJzBCvIl7WAEppwudN	9	18690518	109.1	6.187132552727e-06		0		
RDP1	leaf_pubescence	OsLP.i9HljpxkUI4puUODeBgFgIyyZ5LaYP4t	11	25108737	5.3	7.57741236012914e-06		0		
RDP1	leaf_pubescence	OsLP.IMHdhKLUUaYtnN_477u4naX27Ca2NSUg	2	24291098	0.0	8.03931768138844e-06		0		
RDP1	panicle_number_per_plant	OsLP.O-aTqAOzWlSvWL1eVoCZZ_hB1J5WRZq6	4	32931886	0.0	7.28730815312378e-06		0		
RDP1	pericarp_color	OsLP.IG9yNNrqC9tHwlGBSvN8Xj75RbwNyNaM	7	6067855	112.9	5.30446868544677e-20	Rc(Os07g0211500, 4 kb)	1	Os07g0211500	4.9
RDP1	pericarp_color	OsLP.NRBYv5Jw_qx2p1Xq97p63xWjR7h1Mno_	7	5937544	4.4	3.8511810003913805e-14		0		
RDP1	pericarp_color	OsLP.oOurGl-BMOFz5u8GcwRn3EoSvQUWFHEE	10	6102026	0.0	4.51170803611929e-10		0		
RDP1	pericarp_color	OsLP.9NaZB3hChObchndvnr-4jzV57XXREYet	3	27711817	381.2	1.2906128328227602e-09		0		
RDP1	pericarp_color	OsLP._K8EDdAFv2fklimoLwej40aonFxzeEvT	5	1007866	7.9	3.2454546766656e-09		0		
RDP1	pericarp_color	OsLP.LJGeVFsIYmdMzxe5BwqdGTqIb5j2RhB8	5	23873906	250.3	3.6210203488333503e-09		0		
RDP1	pericarp_color	OsLP.F7gysGypJN1YB_Yh2SDkrqVjZ9F2wVLo	6	3650714	47.1	1.18124873747484e-08		0		
RDP1	pericarp_color	OsLP.5mA4ZgC9tOu8lxlu2hIJTPS2V9jCxUeM	3	16042810	0.0	8.19093073845302e-08		0		
RDP1	pericarp_color	OsLP.FpNwTNF1NgS3TTjKs4uwDr4L49diSTHy	5	3256838	170.0	1.46368831230445e-07		0		
RDP1	pericarp_color	OsLP.iQVnxOq6tEMAMv8n8vFybzipE-rLKFu-	2	18072706	0.0	2.69211769285792e-07		0		
RDP1	pericarp_color	OsLP.IbcxUETubSXf6qBsesqaa0mRqIkKrOR7	11	7067328	0.0	3.80363718765615e-07		0		
RDP1	pericarp_color	OsLP.ngEZdLVvdv_F1LMq69-eqa-dEKenjr5V	7	18693385	24.5	3.8052250920586e-07		0		
RDP1	pericarp_color	OsLP.s38u6Op3UeWv4w1J6pKBfnRIews3BD5P	2	20357658	35.0	5.55327942789855e-07		0		
RDP1	pericarp_color	OsLP.D7mPTRRxqgEhjzzZHpco3z1Z3Bm7xHEW	8	4046337	100.1	5.81118154305101e-07		0		
RDP1	pericarp_color	OsLP.CxJr7yl49gpkF7XfeLTn_IpiYoLAC9Ym	3	16076230	31.9	1.0013090881835e-06		0		
RDP1	pericarp_color	OsLP.bXAeTyGM2zOGQKyaT2fTYWn57XH0JSEp	6	26718865	179.5	1.02452731961459e-06		0		
RDP1	pericarp_color	OsLP.tpNQyE9ow77mfhMrlRs3rGpjgim8Xr0T	10	18033144	45.3	1.1773118609052e-06		0		
RDP1	pericarp_color	OsLP.m_YSvR44889SJ_ls8KjVkQupBBnVwx1U	7	7474179	2.8	1.18901097129742e-06		0		
RDP1	pericarp_color	OsLP.R2gqaVjhdvo9eYTCq8TB9piIYyQylU0z	3	7793807	0.0	1.68413455454965e-06		0		
RDP1	pericarp_color	OsLP.87tOVqRcmulpEY4KMsMwn7fOnlCp9wWE	6	2247744	143.4	2.17850698656072e-06		0		
RDP1	pericarp_color	OsLP.vG4vWlkbDEwZ4xEOK4iVCNYt7Froo3B6	5	24036899	93.6	2.51497069512334e-06		0		
RDP1	pericarp_color	OsLP.WY3Yz5jiuymxJ6-pi_c5VKp4k9-Bnnfx	12	4559376	21.0	3.30067369476716e-06		0		
RDP1	pericarp_color	OsLP.mHp-6xoKeNF084XwqS0uo7YBKDFR49wm	9	11704536	72.7	3.51045112038881e-06		0		
RDP1	pericarp_color	OsLP.3zFig8yt75UsSJYRSYusWsnAacsHGvML	1	34018220	0.0	3.5365781364447e-06		0		
RDP1	pericarp_color	OsLP.7Ry6WtC0SJRKctFOe0sYnh1EOoLZMBei	11	10569699	218.7	3.56955155715852e-06		0		
RDP1	pericarp_color	OsLP.RkaVsq78pF-zTipXvwWzPhhmNWdv9sqH	4	31344291	0.0	3.64098523624269e-06		0		
RDP1	pericarp_color	OsLP.o7ayuFnjEkh9F0jb5oFxZFRxES1AlA9T	6	4169457	0.0	4.79462468271384e-06		0		
RDP1	pericarp_color	OsLP.PA2arBP_GJZyaPdb1Dri1XMcqmlWe4Yj	5	25104597	5.5	5.97772949048076e-06		0		
RDP1	pericarp_color	OsLP.JnMVUn_SouyZQUdt6JG7DN9dGmpVIToG	5	5340596	0.0	6.69150199331831e-06		0		
RDP1	pericarp_color	OsLP.jbqCkRgqgGQV8dMQN57AQvUxFYnV4lBh	4	4321847	0.0	7.10498955703128e-06		0		
RDP1	pericarp_color	OsLP.k3i98cDWeX0FxhT31vY528JguKIdtqRs	5	25842284	82.8	7.6594597141218e-06		0		
RDP1	pericarp_color	OsLP.VKpzpqlVq_toyM71gAkktzCI5Cp0Iv9E	4	1097388	0.0	8.60554471671445e-06		0		
RDP1	plant_height	OsLP.VMZi1zYCIklqsIa8eJd4aHXOLpkP-T2m	1	33069490	41.0	3.51662013575953e-07		0		
RDP1	plant_height	OsLP.JxqUD34_8JoiNAVgnKrHnPhQn0kdSkUr	1	38112582	0.0	3.58562706186667e-06		0		
RDP1	primary_panicle_branch_number	OsLP.A6R4RcImU4I7sXZPz0s5jNoK4txFFM_a	9	21846314	212.6	9.7330723606678e-06	OsU11(Os09g0549500, 102 kb)	1	Os09g0549500	102.8
RDP1	seed_length	OsLP.48fWke3eO6Zdpkmw0X3l_QUgA2Tqdugw	3	16075626	135.5	1.3844915701684202e-09		0		
RDP1	seed_length	OsLP.0CfFUPb1vusdYrl2oHlmanlNBJ2kxThy	3	16708131	141.3	7.15705325202262e-07	GS3(Os03g0407400, 26 kb)	1	Os03g0407400	26.9
RDP1	seed_length_width_ratio	OsLP.I8WHDSEBTxS2io8D9ODoQX2Jw-6SH5aX	5	5425339	46.4	3.5616119369495e-11	GSE5(Os05g0187500, 60 kb)	1	Os05g0187500	60.1
RDP1	seed_length_width_ratio	OsLP.9XyIo3Z_TDh8Tdwddr11xdUJ3zHbGMey	7	24845026	0.0	1.17290613486733e-07		0		
RDP1	seed_length_width_ratio	OsLP.AltNfilWtNnZRl8YTi0OkLk312dWE_nz	12	21726452	0.0	5.51245737027209e-07		0		
RDP1	seed_length_width_ratio	OsLP.UTewwPoThkjdJTY-4KG7U07rsyI-LOYD	7	22057564	116.2	4.14124535961653e-06		0		
RDP1	seed_length_width_ratio	OsLP.48fWke3eO6Zdpkmw0X3l_QUgA2Tqdugw	3	16075626	135.5	7.4553262667853e-06		0		
RDP1	seed_length_width_ratio	OsLP.LOEcQmKECNKJTZUSCeSqsBfmyxjRngye	3	21212022	60.0	8.3180951567399e-06		0		
RDP1	seed_volume	OsLP.ZrCjeZbjuDrnVsqDSaTX7dvL9lFxqzGK	2	21693737	0.0	2.90417216072679e-07		0		
RDP1	seed_volume	OsLP.8aCYkpAeWXLfuU8H-ItYIH6Eb-u36MAp	5	5341385	104.1	8.08048223790763e-07	GSE5(Os05g0187500, 23 kb)	1	Os05g0187500	23.8
RDP1	seed_volume	OsLP.uP4CCEEVBECy79gqhNPe82X8J67QxES2	2	29606586	14.7	1.96432645708753e-06		0		
RDP1	seed_width	OsLP.FbbsUDHV1qAxn9LHu2HLjyheCdp6bHc0	5	5396755	46.4	2.76234351542763e-12	GSE5(Os05g0187500, 31 kb)	1	Os05g0187500	31.5
RDP1	seed_width	OsLP.ZrCjeZbjuDrnVsqDSaTX7dvL9lFxqzGK	2	21693737	0.0	6.38580656369857e-08		0		
RDP1	seed_width	OsLP.JnMVUn_SouyZQUdt6JG7DN9dGmpVIToG	5	5340596	0.0	2.38121414303279e-06	GSE5(Os05g0187500, 24 kb)	1	Os05g0187500	24.6
RDP1	seed_width	OsLP.9XyIo3Z_TDh8Tdwddr11xdUJ3zHbGMey	7	24845026	0.0	3.03396388406401e-06		0		
RDP1	straighthead_suseptability	OsLP.IVRJzUgCKKi8iseOhds3AdoBqNM3grNG	1	33093662	0.0	3.86286504002501e-07		0		
